siteName,taxonID,family,sex,lifeStage,hindfootLength,weight
Harvard Forest,MYGA,Cricetidae,M,adult,18,19
Harvard Forest,MYGA,Cricetidae,M,adult,17,22
Harvard Forest,MYGA,Cricetidae,M,adult,18,23
Harvard Forest,MYGA,Cricetidae,F,adult,18,21
Harvard Forest,MYGA,Cricetidae,F,juvenile,17,11
Harvard Forest,MYGA,Cricetidae,F,adult,17.5,17
Harvard Forest,MYGA,Cricetidae,M,adult,17,22
Harvard Forest,PELE,Cricetidae,F,adult,21,36
Harvard Forest,PELE,Cricetidae,M,subadult,20,20
Harvard Forest,PELE,Cricetidae,M,subadult,20,19
Harvard Forest,PELE,Cricetidae,M,subadult,19,22
Harvard Forest,PELE,Cricetidae,F,adult,20,26
Harvard Forest,PELE,Cricetidae,F,adult,20,22
Harvard Forest,PELE,Cricetidae,F,adult,20.5,22.5
Harvard Forest,PELE,Cricetidae,F,adult,20,29
Harvard Forest,PELE,Cricetidae,F,adult,19,22
Harvard Forest,PELE,Cricetidae,M,adult,21,32
Harvard Forest,PELE,Cricetidae,F,subadult,20,17
Harvard Forest,PELE,Cricetidae,F,adult,19.5,23
Harvard Forest,PELE,Cricetidae,F,adult,20,23
Harvard Forest,PELE,Cricetidae,F,adult,21,27
Harvard Forest,PELE,Cricetidae,F,adult,20,23
Harvard Forest,PELE,Cricetidae,F,adult,20.5,22
Harvard Forest,PELE,Cricetidae,F,adult,20,24
Harvard Forest,PELE,Cricetidae,M,adult,20.5,22.5
Harvard Forest,PELE,Cricetidae,M,adult,20.5,18.5
Harvard Forest,PELE,Cricetidae,F,subadult,20,19
Harvard Forest,PELE,Cricetidae,M,subadult,19,15
Harvard Forest,PELE,Cricetidae,M,subadult,20,21
Harvard Forest,PELE,Cricetidae,M,subadult,18,14
Harvard Forest,PELE,Cricetidae,M,adult,19,19
Harvard Forest,PEMA,Cricetidae,F,adult,20,23.5
Harvard Forest,PEMA,Cricetidae,M,subadult,21,20
Harvard Forest,PEMA,Cricetidae,M,adult,20,21
Harvard Forest,PEMA,Cricetidae,M,adult,20,21
Harvard Forest,PEMA,Cricetidae,F,subadult,20,20
Harvard Forest,PEMA,Cricetidae,M,subadult,20,16
Harvard Forest,PEMA,Cricetidae,M,subadult,19,17
Harvard Forest,PEMA,Cricetidae,M,adult,19,20
Harvard Forest,PEMA,Cricetidae,F,adult,21,21.5
Harvard Forest,PEMA,Cricetidae,F,subadult,19,18
Harvard Forest,PEMA,Cricetidae,F,subadult,18,17
Harvard Forest,PEMA,Cricetidae,F,adult,19,22
Harvard Forest,PEMA,Cricetidae,F,adult,20,27.5
Harvard Forest,PEMA,Cricetidae,M,adult,20,18
Harvard Forest,PEMA,Cricetidae,M,adult,20.5,21
Harvard Forest,PEMA,Cricetidae,F,adult,20,25
Harvard Forest,PEMA,Cricetidae,F,adult,21,30
Harvard Forest,PEMA,Cricetidae,F,adult,20,22
Harvard Forest,PEMA,Cricetidae,F,adult,21,20
Harvard Forest,PEMA,Cricetidae,F,adult,19,28
Harvard Forest,PEMA,Cricetidae,M,adult,20,22
Harvard Forest,PEMA,Cricetidae,M,adult,19,20
Harvard Forest,PEMA,Cricetidae,M,adult,20,29.5
Harvard Forest,PEMA,Cricetidae,M,adult,20,21
Harvard Forest,PEMA,Cricetidae,F,subadult,20,18
Harvard Forest,PEMA,Cricetidae,M,adult,20,23
Harvard Forest,PEMA,Cricetidae,M,adult,20,26
Harvard Forest,PEMA,Cricetidae,M,adult,22,29
Harvard Forest,PEMA,Cricetidae,M,adult,21,30
Harvard Forest,PEMA,Cricetidae,F,subadult,20,21
Harvard Forest,PEMA,Cricetidae,F,adult,21,20
Harvard Forest,PEMA,Cricetidae,F,adult,21,26
Harvard Forest,PEMA,Cricetidae,M,adult,21,23
Harvard Forest,PEMA,Cricetidae,M,adult,21,23
Harvard Forest,PEMA,Cricetidae,M,subadult,20,17
Harvard Forest,PEMA,Cricetidae,M,adult,20,21
Harvard Forest,PEMA,Cricetidae,F,juvenile,20,15
Harvard Forest,PEMA,Cricetidae,M,adult,21,23
Harvard Forest,PEMA,Cricetidae,M,adult,20,20
Harvard Forest,PEMA,Cricetidae,F,adult,20,23
Harvard Forest,MYGA,Cricetidae,F,adult,18,28
Harvard Forest,MYGA,Cricetidae,F,juvenile,15,15
Harvard Forest,MYGA,Cricetidae,F,adult,19,16
Harvard Forest,MYGA,Cricetidae,F,adult,18,20
Harvard Forest,MYGA,Cricetidae,F,adult,19,30
Harvard Forest,MYGA,Cricetidae,F,subadult,18,20
Harvard Forest,MYGA,Cricetidae,M,adult,17,23
Harvard Forest,MYGA,Cricetidae,F,adult,16,21
Harvard Forest,MYGA,Cricetidae,F,adult,19,27
Harvard Forest,PELE,Cricetidae,M,adult,21,22
Harvard Forest,PELE,Cricetidae,M,adult,21,26
Harvard Forest,PELE,Cricetidae,F,adult,20,16
Harvard Forest,PELE,Cricetidae,F,adult,19,26
Harvard Forest,PELE,Cricetidae,M,adult,18,22
Harvard Forest,PELE,Cricetidae,M,juvenile,20,14
Harvard Forest,PELE,Cricetidae,M,juvenile,20,13
Harvard Forest,PELE,Cricetidae,F,adult,21.5,23
Harvard Forest,PELE,Cricetidae,M,adult,20,20
Harvard Forest,PELE,Cricetidae,M,adult,22,22
Harvard Forest,PELE,Cricetidae,M,adult,21,19.5
Harvard Forest,PELE,Cricetidae,F,adult,20,21.5
Harvard Forest,PELE,Cricetidae,F,adult,21,22
Harvard Forest,PELE,Cricetidae,M,adult,22,21
Harvard Forest,PELE,Cricetidae,M,adult,21,23
Harvard Forest,PELE,Cricetidae,F,subadult,21,17
Harvard Forest,PELE,Cricetidae,F,adult,20,26
Harvard Forest,PELE,Cricetidae,F,adult,20,24
Harvard Forest,PELE,Cricetidae,F,adult,20,24
Harvard Forest,PELE,Cricetidae,F,adult,17.5,23.5
Harvard Forest,PELE,Cricetidae,M,adult,20,20.5
Harvard Forest,PELE,Cricetidae,F,adult,21,23
Harvard Forest,PELE,Cricetidae,F,subadult,19,16
Harvard Forest,PELE,Cricetidae,M,subadult,19,18
Harvard Forest,PEMA,Cricetidae,M,adult,21,19
Harvard Forest,PEMA,Cricetidae,F,adult,21,19
Harvard Forest,PEMA,Cricetidae,F,adult,21,20
Harvard Forest,PEMA,Cricetidae,F,adult,18,17
Harvard Forest,PEMA,Cricetidae,F,adult,20,20
Harvard Forest,PEMA,Cricetidae,F,adult,20,25
Harvard Forest,PEMA,Cricetidae,M,adult,20,26
Harvard Forest,PEMA,Cricetidae,F,juvenile,19,11
Harvard Forest,PEMA,Cricetidae,M,adult,22,26
Harvard Forest,PEMA,Cricetidae,M,adult,20,20
Harvard Forest,PEMA,Cricetidae,M,adult,19,24
Harvard Forest,PEMA,Cricetidae,F,adult,20,19
Harvard Forest,PEMA,Cricetidae,M,adult,19.5,20
Harvard Forest,PEMA,Cricetidae,F,adult,21,24
Harvard Forest,PEMA,Cricetidae,M,subadult,20,18
Harvard Forest,PEMA,Cricetidae,M,juvenile,20,15
Harvard Forest,PEMA,Cricetidae,F,adult,21,25
Harvard Forest,PEMA,Cricetidae,F,adult,20,26
Harvard Forest,PEMA,Cricetidae,M,adult,20,27
Harvard Forest,PEMA,Cricetidae,M,adult,19.5,18.5
Harvard Forest,PEMA,Cricetidae,F,adult,21,18
Harvard Forest,PEME,Cricetidae,M,adult,22,23
Harvard Forest,MYGA,Cricetidae,F,adult,16.5,25
Harvard Forest,MYGA,Cricetidae,F,adult,17,29
Harvard Forest,MYGA,Cricetidae,F,adult,18.5,27
Harvard Forest,MYGA,Cricetidae,M,adult,19,29
Harvard Forest,MYGA,Cricetidae,F,adult,18,27
Harvard Forest,MYGA,Cricetidae,F,adult,18,23
Harvard Forest,MYGA,Cricetidae,M,adult,17,31
Harvard Forest,MYGA,Cricetidae,F,adult,16,24
Harvard Forest,MYGA,Cricetidae,M,adult,17,19
Harvard Forest,MYGA,Cricetidae,M,adult,18,28
Harvard Forest,MYGA,Cricetidae,F,adult,18,15
Harvard Forest,MYGA,Cricetidae,F,adult,17,20
Harvard Forest,MYGA,Cricetidae,F,subadult,17,14
Harvard Forest,MYGA,Cricetidae,F,juvenile,17,14
Harvard Forest,MYGA,Cricetidae,M,subadult,18,20
Harvard Forest,MYGA,Cricetidae,F,adult,17,16
Harvard Forest,MYGA,Cricetidae,M,adult,18,26
Harvard Forest,MYGA,Cricetidae,F,adult,18,26
Harvard Forest,MYGA,Cricetidae,M,adult,18,25
Harvard Forest,MYGA,Cricetidae,M,adult,18,25
Harvard Forest,MYGA,Cricetidae,F,adult,18,27.5
Harvard Forest,MYGA,Cricetidae,M,adult,18,25
Harvard Forest,MYGA,Cricetidae,F,juvenile,17,16
Harvard Forest,MYGA,Cricetidae,F,adult,20,22
Harvard Forest,MYGA,Cricetidae,F,subadult,17,16
Harvard Forest,MYGA,Cricetidae,M,adult,18,29
Harvard Forest,MYGA,Cricetidae,M,adult,19,29
Harvard Forest,MYGA,Cricetidae,F,adult,18,27
Harvard Forest,MYGA,Cricetidae,F,adult,17,20.5
Harvard Forest,MYGA,Cricetidae,F,adult,18,23
Harvard Forest,MYGA,Cricetidae,F,adult,16,19
Harvard Forest,MYGA,Cricetidae,F,adult,17,23
Harvard Forest,MYGA,Cricetidae,M,adult,17,18
Harvard Forest,MYGA,Cricetidae,F,juvenile,17,15
Harvard Forest,MYGA,Cricetidae,F,adult,17,24
Harvard Forest,MYGA,Cricetidae,M,adult,17,33
Harvard Forest,MYGA,Cricetidae,F,adult,NA,NA
Harvard Forest,MYGA,Cricetidae,F,adult,NA,NA
Harvard Forest,NAIN,Dipodidae,M,adult,30,17
Harvard Forest,PELE,Cricetidae,F,adult,19,22
Harvard Forest,PELE,Cricetidae,M,adult,19,23
Harvard Forest,PELE,Cricetidae,F,juvenile,20,15
Harvard Forest,PELE,Cricetidae,M,subadult,20,16
Harvard Forest,PELE,Cricetidae,M,adult,19,15
Harvard Forest,PELE,Cricetidae,M,subadult,19,19
Harvard Forest,PELE,Cricetidae,F,adult,NA,NA
Harvard Forest,PELE,Cricetidae,M,adult,19.5,22
Harvard Forest,PELE,Cricetidae,F,adult,22,30
Harvard Forest,PELE,Cricetidae,M,adult,20,21
Harvard Forest,PELE,Cricetidae,F,adult,20,26
Harvard Forest,PELE,Cricetidae,M,adult,22,20
Harvard Forest,PELE,Cricetidae,M,adult,20,23
Harvard Forest,PELE,Cricetidae,F,adult,20,26
Harvard Forest,PELE,Cricetidae,F,adult,20,25
Harvard Forest,PELE,Cricetidae,F,adult,19,28
Harvard Forest,PELE,Cricetidae,F,adult,19,30
Harvard Forest,PELE,Cricetidae,F,juvenile,19,13
Harvard Forest,PELE,Cricetidae,F,juvenile,18,13
Harvard Forest,PELE,Cricetidae,M,juvenile,20.5,17.5
Harvard Forest,PELE,Cricetidae,M,juvenile,20,13
Harvard Forest,PELE,Cricetidae,M,juvenile,20,15
Harvard Forest,PELE,Cricetidae,F,adult,19,27
Harvard Forest,PELE,Cricetidae,F,adult,20,24
Harvard Forest,PELE,Cricetidae,M,juvenile,21,14
Harvard Forest,PELE,Cricetidae,M,adult,19,28.5
Harvard Forest,PELE,Cricetidae,F,adult,20,28
Harvard Forest,PELE,Cricetidae,M,subadult,19,21
Harvard Forest,PELE,Cricetidae,F,subadult,21,29
Harvard Forest,PELE,Cricetidae,M,adult,21,26
Harvard Forest,PELE,Cricetidae,F,adult,21,26
Harvard Forest,PELE,Cricetidae,F,adult,20,27
Harvard Forest,PELE,Cricetidae,F,juvenile,18,13
Harvard Forest,PELE,Cricetidae,F,adult,22,30
Harvard Forest,PELE,Cricetidae,M,subadult,19,20
Harvard Forest,PELE,Cricetidae,M,juvenile,20,16
Harvard Forest,PELE,Cricetidae,M,subadult,22,29
Harvard Forest,PELE,Cricetidae,F,juvenile,19,13
Harvard Forest,PEMA,Cricetidae,F,adult,20,20
Harvard Forest,PEMA,Cricetidae,M,adult,20,24
Harvard Forest,PEMA,Cricetidae,F,subadult,21,16
Harvard Forest,PEMA,Cricetidae,F,adult,20.5,19.5
Harvard Forest,PEMA,Cricetidae,M,juvenile,20,17
Harvard Forest,PEMA,Cricetidae,M,adult,19,18
Harvard Forest,PEMA,Cricetidae,M,subadult,20,20
Harvard Forest,PEMA,Cricetidae,M,adult,21,27
Harvard Forest,PEMA,Cricetidae,M,juvenile,19,15
Harvard Forest,PEMA,Cricetidae,M,adult,20,24
Harvard Forest,PEMA,Cricetidae,F,adult,20.5,22
Harvard Forest,PEMA,Cricetidae,M,adult,20,28
Harvard Forest,PEMA,Cricetidae,M,adult,20,24
Harvard Forest,PEMA,Cricetidae,M,adult,18,20
Harvard Forest,PEMA,Cricetidae,M,adult,20,22
Harvard Forest,PEMA,Cricetidae,M,adult,21,22
Harvard Forest,PEMA,Cricetidae,M,adult,21,23
Harvard Forest,PEMA,Cricetidae,F,adult,19.5,17
Harvard Forest,PEMA,Cricetidae,M,adult,20,26.5
Harvard Forest,PEMA,Cricetidae,M,adult,20,22
Harvard Forest,PEMA,Cricetidae,F,adult,21,26
Harvard Forest,PEMA,Cricetidae,F,adult,19,23
Harvard Forest,PEMA,Cricetidae,M,subadult,19,19
Harvard Forest,PEMA,Cricetidae,F,adult,20,19
Harvard Forest,PEMA,Cricetidae,M,adult,21,25
Harvard Forest,PEMA,Cricetidae,F,adult,19,23
Harvard Forest,PEMA,Cricetidae,M,adult,19.5,22.5
Harvard Forest,PEMA,Cricetidae,F,adult,20.5,28.5
Harvard Forest,PEMA,Cricetidae,F,adult,21,25.5
Harvard Forest,PEMA,Cricetidae,M,adult,22,23.5
Harvard Forest,PEMA,Cricetidae,F,adult,20,32
Harvard Forest,PEMA,Cricetidae,F,adult,20,24
Harvard Forest,PEMA,Cricetidae,M,adult,21,27
Harvard Forest,PEMA,Cricetidae,M,adult,20,25
Harvard Forest,PEMA,Cricetidae,M,adult,20,25
Harvard Forest,PEMA,Cricetidae,F,adult,21,30
Harvard Forest,PEMA,Cricetidae,M,juvenile,19,13
Harvard Forest,PEMA,Cricetidae,F,adult,20,25
Harvard Forest,PEMA,Cricetidae,F,adult,19,26
Harvard Forest,PEMA,Cricetidae,F,adult,20,29
Harvard Forest,PEMA,Cricetidae,F,adult,21,27
Harvard Forest,MYGA,Cricetidae,M,adult,19,21
Harvard Forest,MYGA,Cricetidae,F,adult,18,19
Harvard Forest,MYGA,Cricetidae,F,adult,19,26
Harvard Forest,MYGA,Cricetidae,F,adult,18,15
Harvard Forest,MYGA,Cricetidae,F,subadult,17,17
Harvard Forest,MYGA,Cricetidae,F,adult,18,23
Harvard Forest,MYGA,Cricetidae,F,adult,20,26
Harvard Forest,MYGA,Cricetidae,M,adult,18,24
Harvard Forest,MYGA,Cricetidae,F,adult,20,20
Harvard Forest,MYGA,Cricetidae,F,adult,18,21
Harvard Forest,MYGA,Cricetidae,M,adult,18,22
Harvard Forest,MYGA,Cricetidae,F,adult,17,18.5
Harvard Forest,MYGA,Cricetidae,F,adult,17,29
Harvard Forest,MYGA,Cricetidae,F,adult,18,26
Harvard Forest,PELE,Cricetidae,M,juvenile,20,19
Harvard Forest,PELE,Cricetidae,M,adult,21,22
Harvard Forest,PELE,Cricetidae,F,adult,20,26
Harvard Forest,PELE,Cricetidae,F,adult,21.5,26
Harvard Forest,PELE,Cricetidae,F,adult,19,26
Harvard Forest,PELE,Cricetidae,F,adult,21,23
Harvard Forest,PELE,Cricetidae,F,adult,22,16
Harvard Forest,PELE,Cricetidae,F,adult,21,37
Harvard Forest,PELE,Cricetidae,M,adult,20,20
Harvard Forest,PELE,Cricetidae,F,adult,19.5,25.5
Harvard Forest,PELE,Cricetidae,F,adult,21,26
Harvard Forest,PELE,Cricetidae,M,adult,18,26
Harvard Forest,PELE,Cricetidae,M,subadult,19,16
Harvard Forest,PELE,Cricetidae,F,adult,19.5,22.5
Harvard Forest,PELE,Cricetidae,F,adult,21,21
Harvard Forest,PELE,Cricetidae,M,adult,19.5,25.5
Harvard Forest,PELE,Cricetidae,F,adult,21,33.5
Harvard Forest,PELE,Cricetidae,F,adult,21,29
Harvard Forest,PELE,Cricetidae,M,adult,20.5,20
Harvard Forest,PELE,Cricetidae,F,juvenile,20,17
Harvard Forest,PELE,Cricetidae,F,subadult,20,16
Harvard Forest,PELE,Cricetidae,M,adult,20,25
Harvard Forest,PELE,Cricetidae,F,adult,19.5,29
Harvard Forest,PELE,Cricetidae,F,adult,19.5,23.5
Harvard Forest,PELE,Cricetidae,M,juvenile,19,16
Harvard Forest,PELE,Cricetidae,M,subadult,20,16
Harvard Forest,PEMA,Cricetidae,M,adult,20,25
Harvard Forest,PEMA,Cricetidae,F,adult,20,31
Harvard Forest,PEMA,Cricetidae,M,adult,20,20
Harvard Forest,PEMA,Cricetidae,F,adult,20.5,29.5
Harvard Forest,PEMA,Cricetidae,M,adult,22,24
Harvard Forest,PEMA,Cricetidae,M,adult,21,22
Harvard Forest,PEMA,Cricetidae,F,adult,19,20
Harvard Forest,PEMA,Cricetidae,M,adult,21.5,23.5
Harvard Forest,PEMA,Cricetidae,M,adult,21,19
Harvard Forest,PEMA,Cricetidae,M,adult,21,20
Harvard Forest,PEMA,Cricetidae,M,adult,20.5,19
Harvard Forest,PEMA,Cricetidae,F,adult,21,17
Harvard Forest,PEMA,Cricetidae,M,adult,21,23
Harvard Forest,PEMA,Cricetidae,F,adult,21,18
Harvard Forest,PEMA,Cricetidae,M,adult,22,30
Harvard Forest,PEMA,Cricetidae,M,subadult,22,20
Harvard Forest,PEMA,Cricetidae,F,adult,21,35
Harvard Forest,PEMA,Cricetidae,M,subadult,12,17
Harvard Forest,PEMA,Cricetidae,M,adult,20,22
Harvard Forest,PEMA,Cricetidae,F,subadult,20,15
Harvard Forest,PEMA,Cricetidae,F,adult,19.5,16.5
Harvard Forest,PEMA,Cricetidae,F,adult,19.5,18.5
Harvard Forest,PEMA,Cricetidae,M,adult,19,27
Harvard Forest,PEMA,Cricetidae,M,adult,20,20
Harvard Forest,PEMA,Cricetidae,F,juvenile,20,17
Harvard Forest,PEMA,Cricetidae,F,adult,20.5,24.5
Harvard Forest,PEMA,Cricetidae,M,adult,22,25
Harvard Forest,PEMA,Cricetidae,M,adult,20.5,27
Harvard Forest,PEMA,Cricetidae,F,adult,20,26
Harvard Forest,PEMA,Cricetidae,M,adult,20,26
Harvard Forest,PEMA,Cricetidae,F,adult,19.5,24
Harvard Forest,PEMA,Cricetidae,F,adult,20,24
Harvard Forest,PEMA,Cricetidae,F,subadult,20,16
Harvard Forest,PEMA,Cricetidae,M,subadult,20,17
Harvard Forest,PEMA,Cricetidae,F,adult,21,23
Harvard Forest,PEMA,Cricetidae,F,adult,21,26
Harvard Forest,PELE,Cricetidae,F,adult,21,30
Harvard Forest,PELE,Cricetidae,M,subadult,14,21
Harvard Forest,PELE,Cricetidae,M,adult,20.5,30
Harvard Forest,PELE,Cricetidae,M,adult,21,25
Harvard Forest,PELE,Cricetidae,M,subadult,19,17
Harvard Forest,PELE,Cricetidae,F,adult,21,24.5
Harvard Forest,PELE,Cricetidae,M,adult,20,21
Harvard Forest,PELE,Cricetidae,M,adult,20,23
Harvard Forest,PELE,Cricetidae,F,adult,20.5,26.5
Harvard Forest,PELE,Cricetidae,F,adult,19,24.5
Harvard Forest,PELE,Cricetidae,M,adult,20,21
Harvard Forest,PELE,Cricetidae,F,adult,20,22
Harvard Forest,PELE,Cricetidae,F,adult,20,23
Harvard Forest,PELE,Cricetidae,F,adult,21,33
Harvard Forest,PELE,Cricetidae,F,adult,18,25
Harvard Forest,PELE,Cricetidae,M,adult,21,29
Harvard Forest,PELE,Cricetidae,F,adult,21,28
Harvard Forest,PELE,Cricetidae,F,adult,19,35
Harvard Forest,PEMA,Cricetidae,F,adult,20,21
Harvard Forest,PEMA,Cricetidae,M,adult,20,28
Harvard Forest,PEMA,Cricetidae,M,adult,21.5,29.5
Harvard Forest,PEMA,Cricetidae,M,adult,22,27
Harvard Forest,PEMA,Cricetidae,M,adult,21,28
Harvard Forest,PEMA,Cricetidae,M,adult,21,21
Harvard Forest,PEMA,Cricetidae,M,subadult,19,17
Harvard Forest,PEMA,Cricetidae,M,subadult,21,18
Harvard Forest,PEMA,Cricetidae,M,adult,21,23
Harvard Forest,PEMA,Cricetidae,M,adult,20,24.5
Harvard Forest,PEMA,Cricetidae,M,adult,20,30
Harvard Forest,PEMA,Cricetidae,F,subadult,20,20
Harvard Forest,PEMA,Cricetidae,M,adult,20,26
Harvard Forest,PEMA,Cricetidae,F,adult,22,19
Harvard Forest,PEMA,Cricetidae,F,subadult,19,19
Harvard Forest,PEMA,Cricetidae,M,adult,20,28
Harvard Forest,PEMA,Cricetidae,F,adult,20,24
Harvard Forest,PEMA,Cricetidae,F,adult,22,32
Harvard Forest,PEMA,Cricetidae,F,juvenile,19,20
Harvard Forest,MYGA,Cricetidae,F,adult,17,27
Harvard Forest,MYGA,Cricetidae,M,adult,17,20
Harvard Forest,MYGA,Cricetidae,F,subadult,18,18
Harvard Forest,MYGA,Cricetidae,M,adult,17,22
Harvard Forest,MYGA,Cricetidae,F,adult,17.5,16.5
Harvard Forest,MYGA,Cricetidae,F,juvenile,17,18
Harvard Forest,MYGA,Cricetidae,M,adult,18,23
Harvard Forest,MYGA,Cricetidae,F,adult,18,23
Harvard Forest,MYGA,Cricetidae,F,adult,17,22
Harvard Forest,MYGA,Cricetidae,F,adult,17,26
Harvard Forest,MYGA,Cricetidae,F,adult,16,31
Harvard Forest,MYGA,Cricetidae,F,adult,16.5,28
Harvard Forest,MYGA,Cricetidae,F,adult,14,26
Harvard Forest,MYGA,Cricetidae,F,adult,17,17
Harvard Forest,MYGA,Cricetidae,M,adult,18,30
Harvard Forest,MYGA,Cricetidae,M,adult,17,24
Harvard Forest,MYGA,Cricetidae,F,adult,19,22
Harvard Forest,MYGA,Cricetidae,F,adult,17,24
Harvard Forest,MYGA,Cricetidae,F,adult,14,21.5
Harvard Forest,MYGA,Cricetidae,F,adult,18,22
Harvard Forest,MYGA,Cricetidae,M,adult,17,25
Harvard Forest,MYGA,Cricetidae,F,adult,16,23
Harvard Forest,MYGA,Cricetidae,F,subadult,17,18
Harvard Forest,MYGA,Cricetidae,M,adult,17,24
Harvard Forest,MYGA,Cricetidae,F,subadult,15,19
Harvard Forest,MYGA,Cricetidae,F,subadult,16,NA
Harvard Forest,MYGA,Cricetidae,M,adult,15,26
Harvard Forest,MYGA,Cricetidae,F,adult,17,21
Harvard Forest,NAIN,Dipodidae,M,adult,28,19
Harvard Forest,NAIN,Dipodidae,F,adult,29.5,23.5
Harvard Forest,NAIN,Dipodidae,F,subadult,31,20
Harvard Forest,PELE,Cricetidae,M,adult,21,NA
Harvard Forest,PELE,Cricetidae,M,adult,19,19
Harvard Forest,PELE,Cricetidae,F,adult,20,23
Harvard Forest,PELE,Cricetidae,F,adult,20,20
Harvard Forest,PELE,Cricetidae,M,adult,20,19
Harvard Forest,PELE,Cricetidae,M,adult,19.5,20.5
Harvard Forest,PELE,Cricetidae,F,adult,20,27
Harvard Forest,PELE,Cricetidae,M,subadult,21,17
Harvard Forest,PELE,Cricetidae,F,adult,21,20
Harvard Forest,PELE,Cricetidae,M,adult,21,24
Harvard Forest,PELE,Cricetidae,F,adult,20,20
Harvard Forest,PELE,Cricetidae,M,adult,20,20
Harvard Forest,PELE,Cricetidae,F,adult,19,22
Harvard Forest,PELE,Cricetidae,F,adult,19,20
Harvard Forest,PELE,Cricetidae,F,adult,19,24.5
Harvard Forest,PELE,Cricetidae,M,adult,21,22
Harvard Forest,PELE,Cricetidae,M,adult,19,16
Harvard Forest,PELE,Cricetidae,F,adult,20,29
Harvard Forest,PELE,Cricetidae,M,subadult,16,21
Harvard Forest,PELE,Cricetidae,M,adult,21,22
Harvard Forest,PELE,Cricetidae,F,subadult,19.5,20
Harvard Forest,PELE,Cricetidae,F,adult,20,25.5
Harvard Forest,PELE,Cricetidae,F,adult,21,25
Harvard Forest,PELE,Cricetidae,M,subadult,19,17
Harvard Forest,PELE,Cricetidae,M,adult,20,21
Harvard Forest,PELE,Cricetidae,F,adult,18,22
Harvard Forest,PELE,Cricetidae,F,adult,19.5,22
Harvard Forest,PELE,Cricetidae,F,adult,19,21
Harvard Forest,PELE,Cricetidae,F,adult,20.5,20
Harvard Forest,PELE,Cricetidae,M,adult,21,22
Harvard Forest,PELE,Cricetidae,F,adult,20,21
Harvard Forest,PELE,Cricetidae,F,subadult,21,27
Harvard Forest,PELE,Cricetidae,M,adult,20,22
Harvard Forest,PELE,Cricetidae,F,subadult,19,14
Harvard Forest,PELE,Cricetidae,M,adult,20,19
Harvard Forest,PELE,Cricetidae,M,subadult,21,18
Harvard Forest,PEMA,Cricetidae,M,adult,20,27
Harvard Forest,PEMA,Cricetidae,M,adult,22,30
Harvard Forest,PEMA,Cricetidae,M,adult,21,23
Harvard Forest,PEMA,Cricetidae,F,adult,19,23
Harvard Forest,PEMA,Cricetidae,M,adult,20,25
Harvard Forest,PEMA,Cricetidae,M,adult,20,17
Harvard Forest,PEMA,Cricetidae,F,adult,20,29.5
Harvard Forest,PEMA,Cricetidae,M,adult,21,23
Harvard Forest,PEMA,Cricetidae,F,adult,21,20
Harvard Forest,PEMA,Cricetidae,M,juvenile,19,15
Harvard Forest,PEMA,Cricetidae,M,adult,20,24
Harvard Forest,PEMA,Cricetidae,M,adult,21,26.5
Harvard Forest,PEMA,Cricetidae,F,juvenile,20,19
Harvard Forest,PEMA,Cricetidae,F,subadult,20,16
Harvard Forest,PEMA,Cricetidae,F,subadult,20,17
Harvard Forest,PEMA,Cricetidae,F,adult,20,27
Harvard Forest,PEMA,Cricetidae,F,adult,16.5,24.5
Harvard Forest,PEMA,Cricetidae,M,subadult,21,18
Harvard Forest,PEMA,Cricetidae,M,adult,21,21
Harvard Forest,PEMA,Cricetidae,M,adult,19.5,20
Harvard Forest,PEMA,Cricetidae,M,adult,19,18
Harvard Forest,PEMA,Cricetidae,M,adult,20,22
Harvard Forest,PEMA,Cricetidae,M,adult,20,21
Harvard Forest,PEMA,Cricetidae,M,adult,19,30
Harvard Forest,PEMA,Cricetidae,F,adult,21,20
Harvard Forest,PEMA,Cricetidae,M,adult,19,23
Harvard Forest,PEMA,Cricetidae,F,adult,19.5,21
Harvard Forest,PEMA,Cricetidae,F,adult,19,20.5
Harvard Forest,PEMA,Cricetidae,F,adult,20.5,19.5
Harvard Forest,PEMA,Cricetidae,M,subadult,20,18
Harvard Forest,PEMA,Cricetidae,F,adult,19.5,17
Harvard Forest,PEMA,Cricetidae,M,adult,20,21
Harvard Forest,PEMA,Cricetidae,F,subadult,21,24
Harvard Forest,PEMA,Cricetidae,M,subadult,19,16
Harvard Forest,PEMA,Cricetidae,F,adult,19,17
Harvard Forest,MYGA,Cricetidae,M,adult,19,21
Harvard Forest,MYGA,Cricetidae,F,adult,18,22.5
Harvard Forest,MYGA,Cricetidae,F,adult,18,22
Harvard Forest,MYGA,Cricetidae,F,adult,19,27
Harvard Forest,NAIN,Dipodidae,F,adult,19,24
Harvard Forest,NAIN,Dipodidae,F,adult,31,25
Harvard Forest,NAIN,Dipodidae,F,adult,31,31
Harvard Forest,NAIN,Dipodidae,M,adult,31.5,25.5
Harvard Forest,NAIN,Dipodidae,F,adult,30.5,21.5
Harvard Forest,NAIN,Dipodidae,M,adult,34,25
Harvard Forest,NAIN,Dipodidae,M,adult,33,29
Harvard Forest,NAIN,Dipodidae,M,adult,32,25
Harvard Forest,NAIN,Dipodidae,F,adult,30,21
Harvard Forest,NAIN,Dipodidae,M,subadult,30,NA
Harvard Forest,NAIN,Dipodidae,F,adult,30.5,25.5
Harvard Forest,NAIN,Dipodidae,F,adult,32,20
Harvard Forest,NAIN,Dipodidae,M,adult,32.5,16
Harvard Forest,NAIN,Dipodidae,F,adult,33.5,19
Harvard Forest,NAIN,Dipodidae,M,adult,30,19
Harvard Forest,NAIN,Dipodidae,F,adult,32,35
Harvard Forest,NAIN,Dipodidae,F,adult,31,30
Harvard Forest,NAIN,Dipodidae,F,adult,30,25.5
Harvard Forest,NAIN,Dipodidae,F,adult,29,22
Harvard Forest,NAIN,Dipodidae,M,adult,31,25
Harvard Forest,NAIN,Dipodidae,F,adult,31,23
Harvard Forest,NAIN,Dipodidae,F,adult,30,28
Harvard Forest,NAIN,Dipodidae,F,adult,31,27
Harvard Forest,NAIN,Dipodidae,F,adult,30,24
Harvard Forest,NAIN,Dipodidae,M,adult,31,24
Harvard Forest,NAIN,Dipodidae,M,adult,28,21
Harvard Forest,NAIN,Dipodidae,M,adult,30,20
Harvard Forest,PELE,Cricetidae,F,adult,21,26
Harvard Forest,PELE,Cricetidae,M,adult,19.5,19
Harvard Forest,PELE,Cricetidae,M,adult,18,18
Harvard Forest,PELE,Cricetidae,F,subadult,18,13
Harvard Forest,PELE,Cricetidae,M,adult,20,20
Harvard Forest,PELE,Cricetidae,M,adult,20,18
Harvard Forest,PELE,Cricetidae,M,adult,20,19
Harvard Forest,PELE,Cricetidae,M,adult,21,18
Harvard Forest,PELE,Cricetidae,M,adult,20.5,21.5
Harvard Forest,PELE,Cricetidae,M,adult,20,21
Harvard Forest,PELE,Cricetidae,M,adult,20,18
Harvard Forest,PELE,Cricetidae,M,adult,20,18
Harvard Forest,PELE,Cricetidae,F,adult,21,21
Harvard Forest,PELE,Cricetidae,F,adult,21,24
Harvard Forest,PELE,Cricetidae,M,adult,20,24
Harvard Forest,PELE,Cricetidae,M,subadult,20,19
Harvard Forest,PELE,Cricetidae,F,subadult,21,20
Harvard Forest,PELE,Cricetidae,M,juvenile,19,13
Harvard Forest,PELE,Cricetidae,F,juvenile,18,12
Harvard Forest,PELE,Cricetidae,M,subadult,21,17
Harvard Forest,PELE,Cricetidae,F,adult,21,29
Harvard Forest,PELE,Cricetidae,F,adult,20,18
Harvard Forest,PELE,Cricetidae,M,adult,20,18
Harvard Forest,PELE,Cricetidae,F,adult,21,17.5
Harvard Forest,PELE,Cricetidae,M,adult,21,21.5
Harvard Forest,PELE,Cricetidae,M,adult,21,26.5
Harvard Forest,PELE,Cricetidae,M,adult,21,21
Harvard Forest,PELE,Cricetidae,F,juvenile,18,14
Harvard Forest,PELE,Cricetidae,F,adult,21,20.5
Harvard Forest,PELE,Cricetidae,M,adult,21,20
Harvard Forest,PELE,Cricetidae,M,adult,21,21
Harvard Forest,PELE,Cricetidae,F,adult,21,19
Harvard Forest,PELE,Cricetidae,F,subadult,19,14
Harvard Forest,PELE,Cricetidae,F,adult,21,27
Harvard Forest,PELE,Cricetidae,F,adult,21,17.5
Harvard Forest,PELE,Cricetidae,M,subadult,21,17
Harvard Forest,PEMA,Cricetidae,F,adult,20,28
Harvard Forest,PEMA,Cricetidae,M,adult,20,21
Harvard Forest,PEMA,Cricetidae,F,adult,19,17.5
Harvard Forest,PEMA,Cricetidae,M,adult,20,19
Harvard Forest,PEMA,Cricetidae,M,adult,21,20
Harvard Forest,PEMA,Cricetidae,M,adult,21,20
Harvard Forest,PEMA,Cricetidae,M,adult,20,21
Harvard Forest,PEMA,Cricetidae,M,adult,22,20
Harvard Forest,PEMA,Cricetidae,M,adult,20,22.5
Harvard Forest,PEMA,Cricetidae,M,adult,20.5,18
Harvard Forest,PEMA,Cricetidae,F,adult,21,18
Harvard Forest,PEMA,Cricetidae,F,adult,20,26
Harvard Forest,PEMA,Cricetidae,M,adult,21,21
Harvard Forest,PEMA,Cricetidae,F,adult,21,26
Harvard Forest,PEMA,Cricetidae,F,adult,20,24
Harvard Forest,PEMA,Cricetidae,M,adult,21,26
Harvard Forest,PEMA,Cricetidae,F,juvenile,19,13
Harvard Forest,PEMA,Cricetidae,F,juvenile,21,16
Harvard Forest,PEMA,Cricetidae,M,juvenile,20,19
Harvard Forest,PEMA,Cricetidae,F,adult,20,32
Harvard Forest,PEMA,Cricetidae,M,adult,20,27
Harvard Forest,PEMA,Cricetidae,M,adult,20.5,18.5
Harvard Forest,PEMA,Cricetidae,F,adult,21,19
Harvard Forest,PEMA,Cricetidae,M,adult,21,25
Harvard Forest,PEMA,Cricetidae,F,adult,19,17.5
Harvard Forest,PEMA,Cricetidae,M,adult,21,22
Harvard Forest,PEMA,Cricetidae,M,adult,20,26
Harvard Forest,PEMA,Cricetidae,F,adult,19.5,18
Harvard Forest,PEMA,Cricetidae,M,adult,19,24
Harvard Forest,PEMA,Cricetidae,M,subadult,19,19
Harvard Forest,PEMA,Cricetidae,M,adult,21.5,20
Harvard Forest,PEMA,Cricetidae,F,adult,21.5,18.5
Harvard Forest,PEMA,Cricetidae,NA,juvenile,20,17
Harvard Forest,PEMA,Cricetidae,F,adult,21,30
Harvard Forest,PEMA,Cricetidae,F,juvenile,19,15
Harvard Forest,MYGA,Cricetidae,M,adult,17,25
Harvard Forest,MYGA,Cricetidae,M,adult,17,26
Harvard Forest,MYGA,Cricetidae,M,adult,16,26
Harvard Forest,MYGA,Cricetidae,F,adult,16,18
Harvard Forest,MYGA,Cricetidae,F,adult,19,28
Harvard Forest,MYGA,Cricetidae,F,adult,18,21
Harvard Forest,MYGA,Cricetidae,F,adult,17,23
Harvard Forest,MYGA,Cricetidae,M,adult,19,31
Harvard Forest,MYGA,Cricetidae,M,adult,19,25
Harvard Forest,MYGA,Cricetidae,F,adult,NA,NA
Harvard Forest,PELE,Cricetidae,F,adult,19.5,22
Harvard Forest,PELE,Cricetidae,F,adult,20,27
Harvard Forest,PELE,Cricetidae,M,adult,20,20
Harvard Forest,PELE,Cricetidae,F,adult,20.5,29.5
Harvard Forest,PELE,Cricetidae,F,adult,20,21
Harvard Forest,PELE,Cricetidae,M,juvenile,19,14
Harvard Forest,PELE,Cricetidae,F,subadult,21,17
Harvard Forest,PEMA,Cricetidae,M,adult,21,26
Harvard Forest,PEMA,Cricetidae,F,adult,21,22
Harvard Forest,PEMA,Cricetidae,M,adult,21,28
Harvard Forest,PEMA,Cricetidae,F,adult,21,29
Harvard Forest,PEMA,Cricetidae,F,adult,20,27
Harvard Forest,PEMA,Cricetidae,F,adult,21,NA
Harvard Forest,PEMA,Cricetidae,M,adult,20,20
Harvard Forest,PEMA,Cricetidae,M,juvenile,18,13
Konza Prairie Biological Station,CHHI,Heteromyidae,F,adult,27,41
Konza Prairie Biological Station,CHHI,Heteromyidae,F,adult,27,63
Konza Prairie Biological Station,CHHI,Heteromyidae,F,adult,24,36
Konza Prairie Biological Station,MIOC,Cricetidae,F,adult,18,36
Konza Prairie Biological Station,MIOC,Cricetidae,F,adult,20,43
Konza Prairie Biological Station,MIOC,Cricetidae,M,adult,21,44
Konza Prairie Biological Station,MIOC,Cricetidae,F,adult,18,44
Konza Prairie Biological Station,MIOC,Cricetidae,M,adult,19,52
Konza Prairie Biological Station,MIOC,Cricetidae,F,adult,20,34
Konza Prairie Biological Station,MIOC,Cricetidae,F,adult,19,37
Konza Prairie Biological Station,MIOC,Cricetidae,M,adult,18,37
Konza Prairie Biological Station,MIOC,Cricetidae,F,adult,17,39
Konza Prairie Biological Station,MIOC,Cricetidae,M,adult,16,36
Konza Prairie Biological Station,MIOC,Cricetidae,M,adult,18,42
Konza Prairie Biological Station,MIOC,Cricetidae,M,adult,19,33
Konza Prairie Biological Station,MIOC,Cricetidae,F,adult,19,39.5
Konza Prairie Biological Station,MIOC,Cricetidae,F,adult,19,42
Konza Prairie Biological Station,MIOC,Cricetidae,F,adult,17,40
Konza Prairie Biological Station,MIOC,Cricetidae,M,adult,19,36
Konza Prairie Biological Station,MIOC,Cricetidae,M,adult,19,37
Konza Prairie Biological Station,MIOC,Cricetidae,M,adult,20,40.5
Konza Prairie Biological Station,MIOC,Cricetidae,M,adult,19,42
Konza Prairie Biological Station,MIOC,Cricetidae,M,adult,19.5,43.5
Konza Prairie Biological Station,MIOC,Cricetidae,F,adult,19,32
Konza Prairie Biological Station,MIOC,Cricetidae,M,adult,19,38
Konza Prairie Biological Station,MIOC,Cricetidae,F,adult,16,34
Konza Prairie Biological Station,MIOC,Cricetidae,F,adult,19,40
Konza Prairie Biological Station,MIOC,Cricetidae,F,adult,18,33
Konza Prairie Biological Station,MIOC,Cricetidae,F,adult,19,32
Konza Prairie Biological Station,MIOC,Cricetidae,M,adult,20,44
Konza Prairie Biological Station,PELE,Cricetidae,M,adult,23,33
Konza Prairie Biological Station,PELE,Cricetidae,M,adult,22,27
Konza Prairie Biological Station,PELE,Cricetidae,M,adult,22,25
Konza Prairie Biological Station,PELE,Cricetidae,M,adult,20,20
Konza Prairie Biological Station,PELE,Cricetidae,M,subadult,22,20
Konza Prairie Biological Station,PELE,Cricetidae,M,adult,22,27
Konza Prairie Biological Station,PELE,Cricetidae,M,adult,19,19
Konza Prairie Biological Station,PEMA,Cricetidae,M,adult,19,16
Konza Prairie Biological Station,PEMA,Cricetidae,M,adult,18,18
Konza Prairie Biological Station,PEMA,Cricetidae,F,adult,18,15
Konza Prairie Biological Station,PEMA,Cricetidae,F,adult,18,29
Konza Prairie Biological Station,PEMA,Cricetidae,M,adult,19,24
Konza Prairie Biological Station,PEMA,Cricetidae,M,adult,19,22
Konza Prairie Biological Station,PEMA,Cricetidae,M,adult,19,16
Konza Prairie Biological Station,PEMA,Cricetidae,M,adult,18,17
Konza Prairie Biological Station,PEMA,Cricetidae,F,adult,16,15
Konza Prairie Biological Station,PEMA,Cricetidae,M,adult,19,16
Konza Prairie Biological Station,PEMA,Cricetidae,M,adult,18,18
Konza Prairie Biological Station,PEMA,Cricetidae,M,adult,19,18
Konza Prairie Biological Station,PEMA,Cricetidae,F,adult,17,15
Konza Prairie Biological Station,PEMA,Cricetidae,M,adult,19,13
Konza Prairie Biological Station,PEMA,Cricetidae,M,adult,17,18
Konza Prairie Biological Station,PEMA,Cricetidae,F,adult,17,14
Konza Prairie Biological Station,PEMA,Cricetidae,M,adult,18,17.5
Konza Prairie Biological Station,PEMA,Cricetidae,F,adult,18,14
Konza Prairie Biological Station,REME,Cricetidae,M,adult,17,16
Konza Prairie Biological Station,ZAHU,Dipodidae,F,juvenile,25,10
Konza Prairie Biological Station,CHHI,Heteromyidae,F,adult,27,45
Konza Prairie Biological Station,CHHI,Heteromyidae,F,adult,26,44
Konza Prairie Biological Station,CHHI,Heteromyidae,F,adult,24,46
Konza Prairie Biological Station,CHHI,Heteromyidae,F,juvenile,21,15
Konza Prairie Biological Station,CHHI,Heteromyidae,F,subadult,22,23
Konza Prairie Biological Station,MIOC,Cricetidae,M,adult,19,39
Konza Prairie Biological Station,MIOC,Cricetidae,F,adult,20,43
Konza Prairie Biological Station,NEFL,Cricetidae,F,adult,38,199
Konza Prairie Biological Station,PELE,Cricetidae,M,adult,22,26
Konza Prairie Biological Station,PELE,Cricetidae,M,adult,20,31
Konza Prairie Biological Station,PELE,Cricetidae,M,adult,20.5,28
Konza Prairie Biological Station,PELE,Cricetidae,M,adult,22,25.5
Konza Prairie Biological Station,PELE,Cricetidae,F,adult,21.5,23.5
Konza Prairie Biological Station,PEMA,Cricetidae,M,adult,18,18
Konza Prairie Biological Station,PEMA,Cricetidae,M,adult,18,19
Konza Prairie Biological Station,PEMA,Cricetidae,M,adult,19,21
Konza Prairie Biological Station,PEMA,Cricetidae,M,adult,19,17
Konza Prairie Biological Station,PEMA,Cricetidae,F,adult,15,14
Konza Prairie Biological Station,CHHI,Heteromyidae,F,subadult,25,30
Konza Prairie Biological Station,NEFL,Cricetidae,F,adult,35,280
Konza Prairie Biological Station,NEFL,Cricetidae,F,adult,37,223
Konza Prairie Biological Station,NEFL,Cricetidae,F,adult,38,152
Konza Prairie Biological Station,NEFL,Cricetidae,F,adult,36,167
Konza Prairie Biological Station,NEFL,Cricetidae,M,adult,39,248
Konza Prairie Biological Station,NEFL,Cricetidae,M,subadult,34,78
Konza Prairie Biological Station,NEFL,Cricetidae,M,adult,38,148
Konza Prairie Biological Station,NEFL,Cricetidae,M,adult,34,227
Konza Prairie Biological Station,NEFL,Cricetidae,M,adult,39,332
Konza Prairie Biological Station,NEFL,Cricetidae,F,adult,35,133
Konza Prairie Biological Station,NEFL,Cricetidae,F,adult,38,162
Konza Prairie Biological Station,PELE,Cricetidae,F,adult,21,24
Konza Prairie Biological Station,PELE,Cricetidae,F,adult,22,26
Konza Prairie Biological Station,PELE,Cricetidae,M,adult,21,28
Konza Prairie Biological Station,PELE,Cricetidae,F,adult,20,29
Konza Prairie Biological Station,PELE,Cricetidae,F,adult,21,34
Konza Prairie Biological Station,PELE,Cricetidae,M,adult,21.5,31.5
Konza Prairie Biological Station,PELE,Cricetidae,M,adult,21,34
Konza Prairie Biological Station,SIHI,Cricetidae,F,adult,30,133
Konza Prairie Biological Station,SIHI,Cricetidae,F,subadult,25,31
Konza Prairie Biological Station,SIHI,Cricetidae,F,adult,29,109
Konza Prairie Biological Station,SIHI,Cricetidae,F,adult,27,170.5
Konza Prairie Biological Station,SIHI,Cricetidae,M,adult,33,149
Konza Prairie Biological Station,SIHI,Cricetidae,F,adult,27,64
Konza Prairie Biological Station,SIHI,Cricetidae,M,adult,31,193
Konza Prairie Biological Station,SIHI,Cricetidae,M,adult,31,124
Konza Prairie Biological Station,SIHI,Cricetidae,M,adult,29,214
Konza Prairie Biological Station,SIHI,Cricetidae,M,juvenile,22,21
Konza Prairie Biological Station,SIHI,Cricetidae,M,adult,30,99
Konza Prairie Biological Station,SIHI,Cricetidae,M,juvenile,24,22
Konza Prairie Biological Station,SIHI,Cricetidae,M,juvenile,21,22
Konza Prairie Biological Station,SIHI,Cricetidae,F,adult,28,93
Konza Prairie Biological Station,SIHI,Cricetidae,F,juvenile,21,17
Konza Prairie Biological Station,SIHI,Cricetidae,M,juvenile,20,19
Konza Prairie Biological Station,SIHI,Cricetidae,M,juvenile,22,18
Konza Prairie Biological Station,SIHI,Cricetidae,M,juvenile,21,19
Konza Prairie Biological Station,SIHI,Cricetidae,F,adult,29,132
Konza Prairie Biological Station,SIHI,Cricetidae,F,adult,31,124
Konza Prairie Biological Station,SIHI,Cricetidae,F,adult,25,118
Konza Prairie Biological Station,SIHI,Cricetidae,F,subadult,23,23
Konza Prairie Biological Station,CHHI,Heteromyidae,F,adult,25,46
Konza Prairie Biological Station,CHHI,Heteromyidae,F,subadult,24,26
Konza Prairie Biological Station,CHHI,Heteromyidae,NA,NA,23,NA
Konza Prairie Biological Station,CHHI,Heteromyidae,F,subadult,22,22
Konza Prairie Biological Station,CHHI,Heteromyidae,F,adult,22,39
Konza Prairie Biological Station,CHHI,Heteromyidae,F,subadult,23,29
Konza Prairie Biological Station,CHHI,Heteromyidae,F,adult,25,42
Konza Prairie Biological Station,CHHI,Heteromyidae,M,adult,26,44
Konza Prairie Biological Station,CHHI,Heteromyidae,F,adult,23,34
Konza Prairie Biological Station,CHHI,Heteromyidae,M,juvenile,24,26
Konza Prairie Biological Station,CHHI,Heteromyidae,M,adult,28,59
Konza Prairie Biological Station,MIOC,Cricetidae,M,adult,19,48
Konza Prairie Biological Station,NEFL,Cricetidae,M,adult,36,263
Konza Prairie Biological Station,NEFL,Cricetidae,F,subadult,33,93
Konza Prairie Biological Station,PEMA,Cricetidae,M,adult,16,16
Konza Prairie Biological Station,PEMA,Cricetidae,M,adult,18,19
Konza Prairie Biological Station,PEMA,Cricetidae,M,subadult,17,17
Konza Prairie Biological Station,PEMA,Cricetidae,F,adult,16,21
Konza Prairie Biological Station,PEMA,Cricetidae,M,adult,18,18
Konza Prairie Biological Station,PEMA,Cricetidae,M,adult,18,17
Konza Prairie Biological Station,PEMA,Cricetidae,M,adult,18.5,17
Konza Prairie Biological Station,PEMA,Cricetidae,M,adult,17.5,18.5
Konza Prairie Biological Station,PEMA,Cricetidae,M,adult,18,17
Konza Prairie Biological Station,PEMA,Cricetidae,M,adult,17,11
Konza Prairie Biological Station,PEMA,Cricetidae,M,adult,19,23
Konza Prairie Biological Station,PEMA,Cricetidae,M,adult,18,15
Konza Prairie Biological Station,PEMA,Cricetidae,M,adult,17,19
Konza Prairie Biological Station,ZAHU,Dipodidae,M,adult,28,14
Konza Prairie Biological Station,MIOC,Cricetidae,F,adult,19,37
Konza Prairie Biological Station,MIOC,Cricetidae,F,adult,19,34
Konza Prairie Biological Station,MIOC,Cricetidae,M,adult,19,36
Konza Prairie Biological Station,MIOC,Cricetidae,M,adult,20,31
Konza Prairie Biological Station,MIOC,Cricetidae,M,adult,20,38.5
Konza Prairie Biological Station,MIOC,Cricetidae,M,adult,18,28
Konza Prairie Biological Station,MIOC,Cricetidae,F,adult,19,44
Konza Prairie Biological Station,MIOC,Cricetidae,M,adult,20,37
Konza Prairie Biological Station,MIOC,Cricetidae,M,adult,21,39.5
Konza Prairie Biological Station,MIOC,Cricetidae,M,adult,19,40
Konza Prairie Biological Station,MIOC,Cricetidae,M,adult,18.5,33
Konza Prairie Biological Station,MIOC,Cricetidae,F,adult,18,37.5
Konza Prairie Biological Station,MIOC,Cricetidae,M,adult,19,44
Konza Prairie Biological Station,MIOC,Cricetidae,F,adult,20,45.5
Konza Prairie Biological Station,MIOC,Cricetidae,M,adult,19,41
Konza Prairie Biological Station,MIOC,Cricetidae,F,adult,19,41
Konza Prairie Biological Station,MIOC,Cricetidae,F,adult,19,44
Konza Prairie Biological Station,MIOC,Cricetidae,F,adult,19,55
Konza Prairie Biological Station,MIOC,Cricetidae,M,juvenile,18,22
Konza Prairie Biological Station,MIOC,Cricetidae,M,adult,21,48.5
Konza Prairie Biological Station,MIOC,Cricetidae,F,adult,19.5,42
Konza Prairie Biological Station,MIOC,Cricetidae,M,adult,20.5,36
Konza Prairie Biological Station,MIOC,Cricetidae,F,adult,19,36
Konza Prairie Biological Station,MIOC,Cricetidae,M,adult,19,32
Konza Prairie Biological Station,MIOC,Cricetidae,F,adult,NA,40
Konza Prairie Biological Station,MIOC,Cricetidae,M,adult,NA,45
Konza Prairie Biological Station,MIOC,Cricetidae,M,adult,NA,40
Konza Prairie Biological Station,MIOC,Cricetidae,F,subadult,NA,21
Konza Prairie Biological Station,MIOC,Cricetidae,M,adult,19,40
Konza Prairie Biological Station,MIOC,Cricetidae,F,adult,19,29
Konza Prairie Biological Station,MIOC,Cricetidae,F,subadult,20,16
Konza Prairie Biological Station,MIOC,Cricetidae,F,adult,18,42
Konza Prairie Biological Station,MIOC,Cricetidae,M,adult,21,48
Konza Prairie Biological Station,MIOC,Cricetidae,F,adult,19,35.5
Konza Prairie Biological Station,MIOC,Cricetidae,M,adult,20,45
Konza Prairie Biological Station,MIOC,Cricetidae,F,adult,21,47
Konza Prairie Biological Station,MIOC,Cricetidae,M,adult,21,41
Konza Prairie Biological Station,MIOC,Cricetidae,M,subadult,20,26
Konza Prairie Biological Station,MIOC,Cricetidae,M,subadult,21,29
Konza Prairie Biological Station,MIOC,Cricetidae,M,adult,19,34
Konza Prairie Biological Station,MIOC,Cricetidae,M,adult,21,32
Konza Prairie Biological Station,MIOC,Cricetidae,F,juvenile,21,24
Konza Prairie Biological Station,MIOC,Cricetidae,F,adult,20,36
Konza Prairie Biological Station,MIOC,Cricetidae,F,adult,19,39
Konza Prairie Biological Station,MIOC,Cricetidae,F,adult,21,54
Konza Prairie Biological Station,MIOC,Cricetidae,M,adult,21,46
Konza Prairie Biological Station,MIOC,Cricetidae,M,adult,21,48
Konza Prairie Biological Station,MIOC,Cricetidae,F,adult,18,42
Konza Prairie Biological Station,MIOC,Cricetidae,M,adult,21,32
Konza Prairie Biological Station,MIOC,Cricetidae,F,adult,19,40
Konza Prairie Biological Station,MIOC,Cricetidae,F,adult,19,40
Konza Prairie Biological Station,MIOC,Cricetidae,M,subadult,18,19
Konza Prairie Biological Station,MIOC,Cricetidae,F,adult,21,22
Konza Prairie Biological Station,MIOC,Cricetidae,M,adult,21,44
Konza Prairie Biological Station,MIOC,Cricetidae,M,adult,21,43
Konza Prairie Biological Station,MIOC,Cricetidae,F,adult,21,43
Konza Prairie Biological Station,MIOC,Cricetidae,F,adult,20,43
Konza Prairie Biological Station,MIOC,Cricetidae,M,adult,18.5,43.5
Konza Prairie Biological Station,MIOC,Cricetidae,M,adult,18.5,31.5
Konza Prairie Biological Station,MIOC,Cricetidae,F,juvenile,18.5,17.5
Konza Prairie Biological Station,MIOC,Cricetidae,M,adult,19,38
Konza Prairie Biological Station,MIOC,Cricetidae,F,adult,18,34
Konza Prairie Biological Station,MIOC,Cricetidae,M,adult,21,37.5
Konza Prairie Biological Station,MIOC,Cricetidae,F,adult,19,29
Konza Prairie Biological Station,MIOC,Cricetidae,M,adult,18,36
Konza Prairie Biological Station,MIOC,Cricetidae,M,adult,20,33
Konza Prairie Biological Station,MIOC,Cricetidae,F,NA,18.5,29
Konza Prairie Biological Station,MIOC,Cricetidae,M,adult,21,37
Konza Prairie Biological Station,MIOC,Cricetidae,M,adult,19,44
Konza Prairie Biological Station,MIOC,Cricetidae,F,adult,18.5,41
Konza Prairie Biological Station,MIOC,Cricetidae,M,adult,20,43.5
Konza Prairie Biological Station,MIOC,Cricetidae,M,adult,19.5,33
Konza Prairie Biological Station,MIOC,Cricetidae,M,juvenile,19,20
Konza Prairie Biological Station,MIOC,Cricetidae,F,adult,18,42
Konza Prairie Biological Station,MIOC,Cricetidae,M,adult,19,33
Konza Prairie Biological Station,NEFL,Cricetidae,M,adult,38,163.5
Konza Prairie Biological Station,NEFL,Cricetidae,M,adult,37,202
Konza Prairie Biological Station,NEFL,Cricetidae,M,adult,36,108
Konza Prairie Biological Station,NEFL,Cricetidae,M,adult,39,226
Konza Prairie Biological Station,NEFL,Cricetidae,M,adult,36,138
Konza Prairie Biological Station,NEFL,Cricetidae,F,adult,35,148
Konza Prairie Biological Station,PELE,Cricetidae,M,adult,19,18
Konza Prairie Biological Station,PELE,Cricetidae,M,adult,22,37
Konza Prairie Biological Station,PELE,Cricetidae,M,adult,23,35
Konza Prairie Biological Station,PELE,Cricetidae,F,juvenile,21,18
Konza Prairie Biological Station,PELE,Cricetidae,F,adult,22,31
Konza Prairie Biological Station,PELE,Cricetidae,M,adult,21,24
Konza Prairie Biological Station,PELE,Cricetidae,M,adult,22,36
Konza Prairie Biological Station,PELE,Cricetidae,M,juvenile,20.5,15
Konza Prairie Biological Station,PELE,Cricetidae,F,adult,21,22
Konza Prairie Biological Station,PELE,Cricetidae,M,juvenile,20,14
Konza Prairie Biological Station,PELE,Cricetidae,M,adult,22,26
Konza Prairie Biological Station,PELE,Cricetidae,M,adult,22,20
Konza Prairie Biological Station,PELE,Cricetidae,F,adult,21,22
Konza Prairie Biological Station,PELE,Cricetidae,F,adult,22,26.5
Konza Prairie Biological Station,PELE,Cricetidae,F,adult,21,29
Konza Prairie Biological Station,PELE,Cricetidae,M,adult,21,30
Konza Prairie Biological Station,PELE,Cricetidae,F,adult,21,34
Konza Prairie Biological Station,PELE,Cricetidae,F,adult,21,27
Konza Prairie Biological Station,PELE,Cricetidae,M,adult,21,30
Konza Prairie Biological Station,PELE,Cricetidae,M,adult,22.5,25.5
Konza Prairie Biological Station,PELE,Cricetidae,M,adult,23,33
Konza Prairie Biological Station,PELE,Cricetidae,F,adult,18,36
Konza Prairie Biological Station,PELE,Cricetidae,M,adult,20,23.5
Konza Prairie Biological Station,PELE,Cricetidae,M,adult,21,29
Konza Prairie Biological Station,PEMA,Cricetidae,M,adult,17,20.5
Konza Prairie Biological Station,PEMA,Cricetidae,M,adult,18,19
Konza Prairie Biological Station,PEMA,Cricetidae,M,subadult,20,12
Konza Prairie Biological Station,PEMA,Cricetidae,F,juvenile,22,20
Konza Prairie Biological Station,PEMA,Cricetidae,M,adult,21,25
Konza Prairie Biological Station,PEMA,Cricetidae,M,adult,18,17
Konza Prairie Biological Station,PEMA,Cricetidae,M,adult,19,20
Konza Prairie Biological Station,PEMA,Cricetidae,M,adult,19,21
Konza Prairie Biological Station,PEMA,Cricetidae,F,adult,18,16.5
Konza Prairie Biological Station,REME,Cricetidae,M,adult,17,13
Konza Prairie Biological Station,REME,Cricetidae,M,adult,17,13
Konza Prairie Biological Station,SIHI,Cricetidae,F,adult,30,84.5
Konza Prairie Biological Station,SIHI,Cricetidae,M,adult,31,93.5
Konza Prairie Biological Station,SIHI,Cricetidae,F,subadult,27,57.5
Konza Prairie Biological Station,SIHI,Cricetidae,F,adult,31,114
Konza Prairie Biological Station,SIHI,Cricetidae,M,adult,NA,131
Konza Prairie Biological Station,SIHI,Cricetidae,F,adult,32,104
Konza Prairie Biological Station,SIHI,Cricetidae,F,adult,32,184
Konza Prairie Biological Station,SIHI,Cricetidae,M,adult,32,125
Konza Prairie Biological Station,CHHI,Heteromyidae,F,subadult,24,26
Konza Prairie Biological Station,CHHI,Heteromyidae,M,adult,26,36
Konza Prairie Biological Station,CHHI,Heteromyidae,M,adult,29,63
Konza Prairie Biological Station,CHHI,Heteromyidae,M,adult,28.5,63
Konza Prairie Biological Station,CHHI,Heteromyidae,F,adult,27.5,45
Konza Prairie Biological Station,MIOC,Cricetidae,F,adult,20,32
Konza Prairie Biological Station,MIOC,Cricetidae,F,adult,21,36
Konza Prairie Biological Station,MIOC,Cricetidae,M,adult,18,28
Konza Prairie Biological Station,NEFL,Cricetidae,M,adult,39,193
Konza Prairie Biological Station,NEFL,Cricetidae,M,adult,38,194
Konza Prairie Biological Station,PELE,Cricetidae,M,adult,23,29
Konza Prairie Biological Station,PELE,Cricetidae,F,adult,21,21
Konza Prairie Biological Station,PELE,Cricetidae,F,adult,22,24
Konza Prairie Biological Station,PELE,Cricetidae,M,adult,21.5,24.5
Konza Prairie Biological Station,PELE,Cricetidae,M,adult,24,28
Konza Prairie Biological Station,PELE,Cricetidae,M,adult,23,29.5
Konza Prairie Biological Station,PELE,Cricetidae,F,adult,23,26
Konza Prairie Biological Station,PELE,Cricetidae,M,adult,22.5,27
Konza Prairie Biological Station,PELE,Cricetidae,M,adult,22,29
Konza Prairie Biological Station,PELE,Cricetidae,M,adult,22,31
Konza Prairie Biological Station,PELE,Cricetidae,F,adult,21,26
Konza Prairie Biological Station,PELE,Cricetidae,M,adult,23,25
Konza Prairie Biological Station,PELE,Cricetidae,F,adult,22,26
Konza Prairie Biological Station,PEMA,Cricetidae,M,adult,17,13.5
Konza Prairie Biological Station,PEMA,Cricetidae,M,adult,17,12
Konza Prairie Biological Station,PEMA,Cricetidae,M,adult,17,20
Konza Prairie Biological Station,PEMA,Cricetidae,M,adult,34.5,20.5
Konza Prairie Biological Station,PEMA,Cricetidae,F,adult,19,15
Konza Prairie Biological Station,PEMA,Cricetidae,M,adult,17,17
Konza Prairie Biological Station,PEMA,Cricetidae,M,adult,18,18
Konza Prairie Biological Station,PEMA,Cricetidae,F,adult,18,14
Konza Prairie Biological Station,PEMA,Cricetidae,M,adult,18.5,16
Konza Prairie Biological Station,PEMA,Cricetidae,F,adult,18.5,14
Konza Prairie Biological Station,CHHI,Heteromyidae,F,adult,27,36
Konza Prairie Biological Station,MIPI,Cricetidae,M,adult,16,34
Konza Prairie Biological Station,NEFL,Cricetidae,M,adult,39,154
Konza Prairie Biological Station,NEFL,Cricetidae,M,adult,38,219.5
Konza Prairie Biological Station,NEFL,Cricetidae,M,adult,37,289
Konza Prairie Biological Station,PELE,Cricetidae,M,adult,21,27
Konza Prairie Biological Station,PELE,Cricetidae,F,adult,21,31
Konza Prairie Biological Station,PELE,Cricetidae,F,adult,22,25.5
Konza Prairie Biological Station,PELE,Cricetidae,M,adult,21,26
Konza Prairie Biological Station,PELE,Cricetidae,M,adult,21.5,28.5
Konza Prairie Biological Station,PELE,Cricetidae,M,adult,22,31
Konza Prairie Biological Station,PELE,Cricetidae,M,adult,21,30
Konza Prairie Biological Station,PELE,Cricetidae,M,adult,21,25
Konza Prairie Biological Station,PELE,Cricetidae,F,adult,21,29
Konza Prairie Biological Station,PELE,Cricetidae,M,adult,21,25
Konza Prairie Biological Station,PELE,Cricetidae,M,adult,21,23
Konza Prairie Biological Station,PELE,Cricetidae,F,adult,21,25
Konza Prairie Biological Station,PELE,Cricetidae,M,adult,21.5,22.5
Konza Prairie Biological Station,PELE,Cricetidae,M,adult,22,28
Konza Prairie Biological Station,PELE,Cricetidae,F,adult,21,20
Konza Prairie Biological Station,PELE,Cricetidae,M,adult,22,25
Konza Prairie Biological Station,PELE,Cricetidae,M,adult,21,24
Konza Prairie Biological Station,PELE,Cricetidae,F,adult,20,21
Konza Prairie Biological Station,PELE,Cricetidae,F,adult,20,27
Konza Prairie Biological Station,PELE,Cricetidae,M,adult,20,28
Konza Prairie Biological Station,PELE,Cricetidae,M,adult,21,19
Konza Prairie Biological Station,PELE,Cricetidae,M,adult,21,32
Konza Prairie Biological Station,PELE,Cricetidae,M,adult,21,22
Konza Prairie Biological Station,PELE,Cricetidae,F,adult,20.5,19.5
Konza Prairie Biological Station,PELE,Cricetidae,M,adult,22,30
Konza Prairie Biological Station,PELE,Cricetidae,F,adult,22,27
Konza Prairie Biological Station,ZAHU,Dipodidae,F,adult,28,21
Konza Prairie Biological Station,NEFL,Cricetidae,M,adult,38,188
Konza Prairie Biological Station,NEFL,Cricetidae,M,adult,37,188
Konza Prairie Biological Station,NEFL,Cricetidae,M,adult,36,152
Konza Prairie Biological Station,NEFL,Cricetidae,F,adult,39.5,204.5
Konza Prairie Biological Station,NEFL,Cricetidae,M,adult,41,204
Konza Prairie Biological Station,NEFL,Cricetidae,F,adult,40,204
Konza Prairie Biological Station,NEFL,Cricetidae,M,adult,42,384
Konza Prairie Biological Station,NEFL,Cricetidae,M,adult,40,241
Konza Prairie Biological Station,NEFL,Cricetidae,M,adult,36,158.5
Konza Prairie Biological Station,NEFL,Cricetidae,M,adult,39,195
Konza Prairie Biological Station,NEFL,Cricetidae,F,adult,36,288
Konza Prairie Biological Station,PELE,Cricetidae,M,adult,22,30
Konza Prairie Biological Station,PELE,Cricetidae,F,adult,22,24
Konza Prairie Biological Station,PELE,Cricetidae,M,adult,21,25
Konza Prairie Biological Station,PELE,Cricetidae,F,adult,21,23
Konza Prairie Biological Station,PELE,Cricetidae,M,adult,20,29
Konza Prairie Biological Station,PELE,Cricetidae,F,adult,20,26
Konza Prairie Biological Station,PELE,Cricetidae,F,adult,20,28
Konza Prairie Biological Station,PELE,Cricetidae,F,adult,19,22
Konza Prairie Biological Station,PELE,Cricetidae,M,adult,20,26
Konza Prairie Biological Station,PELE,Cricetidae,M,adult,21,27
Konza Prairie Biological Station,PELE,Cricetidae,M,adult,22,33
Konza Prairie Biological Station,PELE,Cricetidae,M,adult,22,31
Konza Prairie Biological Station,PELE,Cricetidae,M,adult,22,23
Konza Prairie Biological Station,PELE,Cricetidae,M,adult,22.5,26.5
Konza Prairie Biological Station,SIHI,Cricetidae,F,juvenile,20,18
Konza Prairie Biological Station,SIHI,Cricetidae,F,adult,28.5,84
Konza Prairie Biological Station,SIHI,Cricetidae,F,adult,30,84.5
Konza Prairie Biological Station,SIHI,Cricetidae,M,adult,30,74
Konza Prairie Biological Station,ZAHU,Dipodidae,M,adult,27,18
Konza Prairie Biological Station,ZAHU,Dipodidae,M,adult,29,16
Konza Prairie Biological Station,ZAHU,Dipodidae,M,adult,29,16
Oak Ridge,OCNU,Cricetidae,F,adult,19,21
Oak Ridge,OCNU,Cricetidae,M,adult,18,20
Oak Ridge,PELE,Cricetidae,M,adult,20,23
Oak Ridge,PELE,Cricetidae,M,adult,20,23.5
Oak Ridge,PELE,Cricetidae,F,adult,19,17
Oak Ridge,PELE,Cricetidae,M,adult,21,28
Oak Ridge,PELE,Cricetidae,F,adult,20,18
Oak Ridge,PELE,Cricetidae,M,adult,20,22
Oak Ridge,PELE,Cricetidae,F,juvenile,19,16
Oak Ridge,PELE,Cricetidae,F,adult,20,16
Oak Ridge,PELE,Cricetidae,M,adult,20,18
Oak Ridge,PELE,Cricetidae,F,adult,20,24
Oak Ridge,PELE,Cricetidae,M,adult,19.5,21
Oak Ridge,PELE,Cricetidae,F,adult,20,21.5
Oak Ridge,PELE,Cricetidae,F,adult,20,21
Oak Ridge,PELE,Cricetidae,M,adult,20,19
Oak Ridge,PELE,Cricetidae,F,adult,19.5,19.5
Oak Ridge,PELE,Cricetidae,M,adult,20,20.5
Oak Ridge,PELE,Cricetidae,F,adult,20,20.5
Oak Ridge,PELE,Cricetidae,M,adult,20,17
Oak Ridge,PEMA,Cricetidae,M,adult,22,25
Oak Ridge,PEMA,Cricetidae,M,adult,20.5,22.5
Oak Ridge,PEMA,Cricetidae,F,adult,21,27
Oak Ridge,PEMA,Cricetidae,F,adult,18,14
Oak Ridge,PEMA,Cricetidae,M,adult,20,22
Oak Ridge,PEMA,Cricetidae,F,adult,21,36
Oak Ridge,PEMA,Cricetidae,M,adult,18,14
Oak Ridge,PEMA,Cricetidae,F,adult,20.5,19.5
Oak Ridge,PEMA,Cricetidae,M,adult,21,20
Oak Ridge,PELE,Cricetidae,F,adult,20,17
Oak Ridge,PELE,Cricetidae,F,adult,19,27
Oak Ridge,PELE,Cricetidae,F,adult,19,18
Oak Ridge,PELE,Cricetidae,F,adult,20,17
Oak Ridge,PELE,Cricetidae,M,adult,20.5,24
Oak Ridge,PELE,Cricetidae,F,adult,19,21
Oak Ridge,PELE,Cricetidae,F,adult,19,18
Oak Ridge,PELE,Cricetidae,F,adult,19,18
Oak Ridge,PELE,Cricetidae,M,adult,20,19
Oak Ridge,PELE,Cricetidae,M,adult,20,18
Oak Ridge,PELE,Cricetidae,F,adult,20,20
Oak Ridge,PELE,Cricetidae,M,adult,19.5,17
Oak Ridge,PELE,Cricetidae,M,adult,19.5,18
Oak Ridge,PELE,Cricetidae,M,adult,20,20
Oak Ridge,PELE,Cricetidae,F,adult,19,17
Oak Ridge,PELE,Cricetidae,M,adult,21,19
Oak Ridge,PELE,Cricetidae,F,adult,19,15
Oak Ridge,PELE,Cricetidae,F,subadult,20,12
Oak Ridge,PELE,Cricetidae,M,subadult,19,12
Oak Ridge,PELE,Cricetidae,F,juvenile,20,12
Oak Ridge,PELE,Cricetidae,M,adult,20,17
Oak Ridge,PELE,Cricetidae,F,adult,19,12
Oak Ridge,PELE,Cricetidae,M,adult,19.5,16
Oak Ridge,PELE,Cricetidae,M,adult,19.5,16.5
Oak Ridge,PELE,Cricetidae,M,adult,20,18
Oak Ridge,PELE,Cricetidae,F,adult,19,15.5
Oak Ridge,PELE,Cricetidae,F,adult,20,14
Oak Ridge,PELE,Cricetidae,M,adult,20.5,18
Oak Ridge,PELE,Cricetidae,M,adult,19,16
Oak Ridge,PELE,Cricetidae,F,adult,19,15
Oak Ridge,PELE,Cricetidae,M,adult,20.5,23
Oak Ridge,PELE,Cricetidae,M,adult,20,16
Oak Ridge,PELE,Cricetidae,M,adult,21,20
Oak Ridge,PELE,Cricetidae,M,adult,20.5,18
Oak Ridge,PELE,Cricetidae,F,adult,21,19
Oak Ridge,PELE,Cricetidae,M,adult,20,20
Oak Ridge,PEMA,Cricetidae,F,adult,18,19
Oak Ridge,PEMA,Cricetidae,F,adult,19,19
Oak Ridge,PEMA,Cricetidae,M,adult,21,19
Oak Ridge,PEMA,Cricetidae,M,adult,20,17
Oak Ridge,PEMA,Cricetidae,M,adult,20,16
Oak Ridge,PEMA,Cricetidae,M,adult,20,21
Oak Ridge,PEMA,Cricetidae,M,adult,20,16
Oak Ridge,PEMA,Cricetidae,M,adult,20,16
Oak Ridge,PEMA,Cricetidae,M,adult,21,19.5
Oak Ridge,PEMA,Cricetidae,M,adult,20,24
Oak Ridge,PELE,Cricetidae,M,adult,20,23
Oak Ridge,PELE,Cricetidae,M,adult,20,19
Oak Ridge,PELE,Cricetidae,M,adult,19,19
Oak Ridge,PELE,Cricetidae,M,adult,18,17
Oak Ridge,PELE,Cricetidae,M,adult,21,19.5
Oak Ridge,PELE,Cricetidae,M,adult,20,17.5
Oak Ridge,PELE,Cricetidae,M,adult,20.5,20
Oak Ridge,PELE,Cricetidae,F,adult,20,23.5
Oak Ridge,PELE,Cricetidae,M,adult,20,24
Oak Ridge,PELE,Cricetidae,M,adult,20,24
Oak Ridge,PELE,Cricetidae,M,adult,20,22
Oak Ridge,PELE,Cricetidae,M,adult,19,14
Oak Ridge,PELE,Cricetidae,M,adult,20,16
Oak Ridge,PELE,Cricetidae,M,adult,20,17
Oak Ridge,PELE,Cricetidae,M,subadult,20,13
Oak Ridge,PELE,Cricetidae,M,adult,20,22
Oak Ridge,PELE,Cricetidae,F,adult,20,18
Oak Ridge,PELE,Cricetidae,F,adult,20,21
Oak Ridge,PELE,Cricetidae,M,adult,20,13
Oak Ridge,PELE,Cricetidae,F,adult,20,17
Oak Ridge,PELE,Cricetidae,F,adult,18.5,14
Oak Ridge,PELE,Cricetidae,F,adult,20,16
Oak Ridge,PELE,Cricetidae,M,adult,19.5,15
Oak Ridge,PELE,Cricetidae,M,subadult,20,15
Oak Ridge,PELE,Cricetidae,F,adult,19,19
Oak Ridge,PELE,Cricetidae,M,adult,20,20
Oak Ridge,PELE,Cricetidae,M,adult,20.5,19.5
Oak Ridge,PELE,Cricetidae,F,adult,19,17
Oak Ridge,PELE,Cricetidae,F,adult,20,17
Oak Ridge,PELE,Cricetidae,F,adult,19.5,19.5
Oak Ridge,PELE,Cricetidae,F,adult,19.5,17
Oak Ridge,PELE,Cricetidae,M,adult,21,21
Oak Ridge,PELE,Cricetidae,F,adult,18,14
Oak Ridge,PELE,Cricetidae,F,adult,17,18
Oak Ridge,PELE,Cricetidae,M,adult,19,17
Oak Ridge,PELE,Cricetidae,M,adult,20,20
Oak Ridge,PELE,Cricetidae,M,adult,19,16
Oak Ridge,PEMA,Cricetidae,M,adult,20,19.5
Oak Ridge,PEMA,Cricetidae,M,adult,20,21
Oak Ridge,PEMA,Cricetidae,M,adult,21,22
Oak Ridge,PEMA,Cricetidae,F,adult,20,23
Oak Ridge,PEMA,Cricetidae,M,adult,20.5,21.5
Oak Ridge,PEMA,Cricetidae,F,adult,19.5,17.5
Oak Ridge,PEMA,Cricetidae,M,adult,20,19
Oak Ridge,PEMA,Cricetidae,F,adult,20,16.5
Oak Ridge,PEMA,Cricetidae,M,adult,20,14
Oak Ridge,PEMA,Cricetidae,M,adult,19,18
Oak Ridge,PEMA,Cricetidae,M,adult,19,17
Oak Ridge,PELE,Cricetidae,M,adult,22,21
Oak Ridge,PELE,Cricetidae,F,adult,19,23
Oak Ridge,PELE,Cricetidae,M,adult,20.5,24.5
Oak Ridge,PELE,Cricetidae,F,adult,21,20
Oak Ridge,PELE,Cricetidae,F,adult,20,18
Oak Ridge,PELE,Cricetidae,F,adult,20,17
Oak Ridge,PELE,Cricetidae,M,adult,20.5,19.5
Oak Ridge,PELE,Cricetidae,F,subadult,17,13
Oak Ridge,PELE,Cricetidae,M,adult,20.5,18
Oak Ridge,PELE,Cricetidae,F,adult,20.5,22.5
Oak Ridge,PELE,Cricetidae,F,adult,19,12
Oak Ridge,PELE,Cricetidae,M,adult,19,17
Oak Ridge,PELE,Cricetidae,F,adult,21,17
Oak Ridge,PELE,Cricetidae,M,adult,21,14
Oak Ridge,PELE,Cricetidae,M,adult,19,17.5
Oak Ridge,PELE,Cricetidae,F,adult,20,21
Oak Ridge,PELE,Cricetidae,F,adult,20,17.5
Oak Ridge,PELE,Cricetidae,F,adult,19,17
Oak Ridge,PELE,Cricetidae,F,adult,18.5,20.5
Oak Ridge,PELE,Cricetidae,M,adult,20,17.5
Oak Ridge,PELE,Cricetidae,M,adult,19,22.5
Oak Ridge,PELE,Cricetidae,M,adult,21,21
Oak Ridge,PELE,Cricetidae,M,adult,19,18
Oak Ridge,PEMA,Cricetidae,M,adult,19,23
Oak Ridge,PEMA,Cricetidae,M,adult,21,22
Oak Ridge,PEMA,Cricetidae,F,adult,19,15
Oak Ridge,PEMA,Cricetidae,M,adult,20,20
Oak Ridge,PEMA,Cricetidae,F,adult,19,18
Oak Ridge,PEMA,Cricetidae,M,adult,20,30
Oak Ridge,PELE,Cricetidae,F,subadult,20,12
Oak Ridge,PELE,Cricetidae,F,adult,20,19.5
Oak Ridge,PELE,Cricetidae,M,adult,21,19
Oak Ridge,PELE,Cricetidae,F,adult,20,20
Oak Ridge,PELE,Cricetidae,M,adult,19,23
Oak Ridge,PELE,Cricetidae,F,adult,18.5,18
Oak Ridge,PELE,Cricetidae,M,adult,19.5,21
Oak Ridge,PELE,Cricetidae,F,adult,20,22
Oak Ridge,PELE,Cricetidae,M,adult,20.5,19.5
Oak Ridge,PELE,Cricetidae,M,adult,19.5,25
Oak Ridge,PELE,Cricetidae,F,adult,19.5,22.5
Oak Ridge,PELE,Cricetidae,F,juvenile,20,15
Oak Ridge,PELE,Cricetidae,F,adult,20,15
Oak Ridge,PELE,Cricetidae,M,adult,19,15.5
Oak Ridge,PELE,Cricetidae,F,adult,21,14.5
Oak Ridge,PELE,Cricetidae,M,adult,19,20
Oak Ridge,PELE,Cricetidae,M,adult,20,18
Oak Ridge,PELE,Cricetidae,M,adult,20,18.5
Oak Ridge,PELE,Cricetidae,F,adult,19,17
Oak Ridge,PELE,Cricetidae,F,adult,19,17
Oak Ridge,PELE,Cricetidae,F,adult,18.5,16.5
Oak Ridge,PELE,Cricetidae,F,adult,20,20
Oak Ridge,PELE,Cricetidae,M,adult,19,19
Oak Ridge,PELE,Cricetidae,F,adult,18,17
Oak Ridge,PELE,Cricetidae,M,adult,20,20
Oak Ridge,PELE,Cricetidae,M,adult,19,19
Oak Ridge,PELE,Cricetidae,F,adult,19,20
Oak Ridge,PELE,Cricetidae,M,adult,21,20
Oak Ridge,PELE,Cricetidae,M,adult,20,15
Oak Ridge,PELE,Cricetidae,F,adult,20.5,17.5
Oak Ridge,PELE,Cricetidae,F,adult,18.5,16
Oak Ridge,PEMA,Cricetidae,M,adult,20,18
Oak Ridge,PEMA,Cricetidae,M,adult,20,25
Oak Ridge,PEMA,Cricetidae,M,adult,20,19
Oak Ridge,PEMA,Cricetidae,M,adult,19.5,20.5
Oak Ridge,PEMA,Cricetidae,M,adult,21,17
Oak Ridge,PEMA,Cricetidae,M,adult,20,19
Oak Ridge,PEMA,Cricetidae,M,adult,20,18
Oak Ridge,PELE,Cricetidae,M,adult,19.5,20
Oak Ridge,PELE,Cricetidae,M,adult,19,16
Oak Ridge,REHU,Cricetidae,F,adult,14,13
Oak Ridge,SIHI,Cricetidae,M,adult,31,131
Oak Ridge,SIHI,Cricetidae,F,juvenile,23,36
Oak Ridge,SIHI,Cricetidae,NA,adult,NA,190
Oak Ridge,SIHI,Cricetidae,F,adult,30.5,170.5
Oak Ridge,SIHI,Cricetidae,F,adult,34,110
Oak Ridge,SIHI,Cricetidae,F,adult,29,54
Oak Ridge,SIHI,Cricetidae,M,adult,34,135
Oak Ridge,SIHI,Cricetidae,M,adult,32,140
Oak Ridge,SIHI,Cricetidae,M,adult,30,125
Oak Ridge,SIHI,Cricetidae,F,adult,31,120
Oak Ridge,SIHI,Cricetidae,F,adult,31,95
Oak Ridge,SIHI,Cricetidae,F,adult,28,105
Oak Ridge,SIHI,Cricetidae,F,adult,29,120
Oak Ridge,SIHI,Cricetidae,M,adult,34,125
Oak Ridge,SIHI,Cricetidae,M,adult,27,59
Oak Ridge,SIHI,Cricetidae,F,adult,30,108
Oak Ridge,SIHI,Cricetidae,F,adult,30.5,130.5
Oak Ridge,SIHI,Cricetidae,F,juvenile,25,29
Oak Ridge,SIHI,Cricetidae,M,adult,27,62
Oak Ridge,SIHI,Cricetidae,F,subadult,28,45
Oak Ridge,SIHI,Cricetidae,M,adult,30,60
Oak Ridge,SIHI,Cricetidae,M,adult,31,75
Oak Ridge,SIHI,Cricetidae,M,adult,31,145
Oak Ridge,SIHI,Cricetidae,F,adult,29,85
Oak Ridge,SIHI,Cricetidae,F,adult,28,90
Oak Ridge,SIHI,Cricetidae,M,adult,30,125
Oak Ridge,SIHI,Cricetidae,F,adult,27,50
Oak Ridge,SIHI,Cricetidae,M,adult,30,85
Smithsonian Conservation Biology Institute,PELE,Cricetidae,M,adult,19,24
Smithsonian Conservation Biology Institute,PELE,Cricetidae,F,adult,20,21.5
Smithsonian Conservation Biology Institute,PELE,Cricetidae,M,subadult,19,17
Smithsonian Conservation Biology Institute,PELE,Cricetidae,M,adult,19.5,24.5
Smithsonian Conservation Biology Institute,PELE,Cricetidae,F,adult,20,22
Smithsonian Conservation Biology Institute,PELE,Cricetidae,M,adult,21,21
Smithsonian Conservation Biology Institute,PELE,Cricetidae,F,adult,19.5,27.5
Smithsonian Conservation Biology Institute,PELE,Cricetidae,F,juvenile,19,13
Smithsonian Conservation Biology Institute,PELE,Cricetidae,F,adult,20,29
Smithsonian Conservation Biology Institute,PELE,Cricetidae,M,adult,20,26
Smithsonian Conservation Biology Institute,PELE,Cricetidae,F,adult,19,26
Smithsonian Conservation Biology Institute,PELE,Cricetidae,M,adult,19,27
Smithsonian Conservation Biology Institute,PELE,Cricetidae,M,adult,20.5,17.5
Smithsonian Conservation Biology Institute,PELE,Cricetidae,M,adult,19,17
Smithsonian Conservation Biology Institute,PELE,Cricetidae,M,adult,19.5,21.5
Smithsonian Conservation Biology Institute,PELE,Cricetidae,F,adult,19,18.5
Smithsonian Conservation Biology Institute,PELE,Cricetidae,M,adult,20,19
Smithsonian Conservation Biology Institute,PELE,Cricetidae,M,adult,20,20
Smithsonian Conservation Biology Institute,PELE,Cricetidae,F,adult,20,18
Smithsonian Conservation Biology Institute,PELE,Cricetidae,M,adult,20,22
Smithsonian Conservation Biology Institute,PELE,Cricetidae,M,adult,19,19
Smithsonian Conservation Biology Institute,PELE,Cricetidae,M,adult,20,20
Smithsonian Conservation Biology Institute,PELE,Cricetidae,F,subadult,19,16.5
Smithsonian Conservation Biology Institute,PELE,Cricetidae,F,subadult,NA,NA
Smithsonian Conservation Biology Institute,PELE,Cricetidae,M,adult,21,27
Smithsonian Conservation Biology Institute,PELE,Cricetidae,M,adult,21,24
Smithsonian Conservation Biology Institute,PELE,Cricetidae,F,adult,20,20
Smithsonian Conservation Biology Institute,PELE,Cricetidae,F,adult,20,18.5
Smithsonian Conservation Biology Institute,PELE,Cricetidae,M,subadult,20,12.5
Smithsonian Conservation Biology Institute,PELE,Cricetidae,M,adult,20,16
Smithsonian Conservation Biology Institute,PELE,Cricetidae,F,adult,20,20
Smithsonian Conservation Biology Institute,PELE,Cricetidae,M,adult,20,16.5
Smithsonian Conservation Biology Institute,PELE,Cricetidae,F,adult,20,21.5
Smithsonian Conservation Biology Institute,PELE,Cricetidae,F,adult,20,19
Smithsonian Conservation Biology Institute,PELE,Cricetidae,M,subadult,20,15.5
Smithsonian Conservation Biology Institute,PELE,Cricetidae,F,adult,20,18
Smithsonian Conservation Biology Institute,PELE,Cricetidae,F,subadult,19,17
Smithsonian Conservation Biology Institute,PELE,Cricetidae,M,adult,21,24
Smithsonian Conservation Biology Institute,PELE,Cricetidae,M,adult,20,19
Smithsonian Conservation Biology Institute,PELE,Cricetidae,F,juvenile,19,13
Smithsonian Conservation Biology Institute,PELE,Cricetidae,M,subadult,20,16.5
Smithsonian Conservation Biology Institute,PELE,Cricetidae,M,adult,20,20
Smithsonian Conservation Biology Institute,PELE,Cricetidae,M,adult,20,22
Smithsonian Conservation Biology Institute,PELE,Cricetidae,M,adult,22,27
Smithsonian Conservation Biology Institute,PELE,Cricetidae,M,adult,20.5,18
Smithsonian Conservation Biology Institute,PELE,Cricetidae,M,adult,21,19
Smithsonian Conservation Biology Institute,PELE,Cricetidae,M,adult,21,19
Smithsonian Conservation Biology Institute,PELE,Cricetidae,M,adult,21,26
Smithsonian Conservation Biology Institute,PELE,Cricetidae,M,adult,20,22
Smithsonian Conservation Biology Institute,PELE,Cricetidae,M,adult,21,21
Smithsonian Conservation Biology Institute,PELE,Cricetidae,F,subadult,20.5,12.5
Smithsonian Conservation Biology Institute,PELE,Cricetidae,M,subadult,20,13
Smithsonian Conservation Biology Institute,PELE,Cricetidae,M,adult,22,17
Smithsonian Conservation Biology Institute,PELE,Cricetidae,F,adult,21.5,24
Smithsonian Conservation Biology Institute,PELE,Cricetidae,M,juvenile,21,14
Smithsonian Conservation Biology Institute,PELE,Cricetidae,M,adult,22,25.5
Smithsonian Conservation Biology Institute,PELE,Cricetidae,F,adult,21,23
Smithsonian Conservation Biology Institute,PELE,Cricetidae,M,adult,22,24
Smithsonian Conservation Biology Institute,PELE,Cricetidae,M,adult,21,18
Smithsonian Conservation Biology Institute,PELE,Cricetidae,M,subadult,21,17
Smithsonian Conservation Biology Institute,PELE,Cricetidae,M,subadult,20,18
Smithsonian Conservation Biology Institute,PELE,Cricetidae,F,adult,22,21.5
Smithsonian Conservation Biology Institute,PELE,Cricetidae,M,adult,20,23
Smithsonian Conservation Biology Institute,PELE,Cricetidae,M,adult,21,23
Smithsonian Conservation Biology Institute,PELE,Cricetidae,M,adult,22,22
Smithsonian Conservation Biology Institute,PELE,Cricetidae,F,adult,19.5,19
Smithsonian Conservation Biology Institute,PEMA,Cricetidae,F,subadult,19,17
Smithsonian Conservation Biology Institute,PELE,Cricetidae,M,adult,21,25.5
Smithsonian Conservation Biology Institute,PELE,Cricetidae,F,adult,21,29
Smithsonian Conservation Biology Institute,PELE,Cricetidae,M,adult,20,24
Smithsonian Conservation Biology Institute,PELE,Cricetidae,M,adult,19,25
Smithsonian Conservation Biology Institute,PELE,Cricetidae,M,adult,20.5,25
Smithsonian Conservation Biology Institute,PELE,Cricetidae,F,adult,19,22.5
Smithsonian Conservation Biology Institute,PELE,Cricetidae,F,adult,19,20
Smithsonian Conservation Biology Institute,PELE,Cricetidae,F,adult,19,NA
Smithsonian Conservation Biology Institute,PELE,Cricetidae,F,adult,19,21
Smithsonian Conservation Biology Institute,PELE,Cricetidae,F,adult,20,24.5
Smithsonian Conservation Biology Institute,PELE,Cricetidae,M,adult,20,26.5
Smithsonian Conservation Biology Institute,PELE,Cricetidae,M,adult,19,14
Smithsonian Conservation Biology Institute,PELE,Cricetidae,F,adult,20,25
Smithsonian Conservation Biology Institute,PELE,Cricetidae,M,subadult,19,14
Smithsonian Conservation Biology Institute,PELE,Cricetidae,F,adult,20,27
Smithsonian Conservation Biology Institute,PELE,Cricetidae,M,adult,20.5,19.5
Smithsonian Conservation Biology Institute,PELE,Cricetidae,F,adult,19,19.5
Smithsonian Conservation Biology Institute,PELE,Cricetidae,M,adult,20.5,23
Smithsonian Conservation Biology Institute,PELE,Cricetidae,F,subadult,19,13
Smithsonian Conservation Biology Institute,PELE,Cricetidae,M,subadult,19,13
Smithsonian Conservation Biology Institute,PELE,Cricetidae,M,adult,21,24
Smithsonian Conservation Biology Institute,PELE,Cricetidae,M,adult,20,24
Smithsonian Conservation Biology Institute,PELE,Cricetidae,F,adult,20,24
Smithsonian Conservation Biology Institute,PELE,Cricetidae,F,adult,20,23.5
Smithsonian Conservation Biology Institute,PELE,Cricetidae,M,adult,20,27
Smithsonian Conservation Biology Institute,PELE,Cricetidae,F,subadult,20,15
Smithsonian Conservation Biology Institute,PELE,Cricetidae,M,adult,20,22
Smithsonian Conservation Biology Institute,PELE,Cricetidae,F,adult,20,19
Smithsonian Conservation Biology Institute,PELE,Cricetidae,M,adult,20.5,22.5
Smithsonian Conservation Biology Institute,PELE,Cricetidae,M,adult,20,22
Smithsonian Conservation Biology Institute,PELE,Cricetidae,M,adult,20,20
Smithsonian Conservation Biology Institute,PELE,Cricetidae,M,adult,20,21
Smithsonian Conservation Biology Institute,PELE,Cricetidae,M,adult,20,20
Smithsonian Conservation Biology Institute,PELE,Cricetidae,F,adult,20.5,24.5
Smithsonian Conservation Biology Institute,PELE,Cricetidae,M,adult,20,24
Smithsonian Conservation Biology Institute,PELE,Cricetidae,M,adult,20,22
Smithsonian Conservation Biology Institute,PELE,Cricetidae,M,adult,19,19
Smithsonian Conservation Biology Institute,PELE,Cricetidae,F,adult,19.5,24.5
Smithsonian Conservation Biology Institute,PELE,Cricetidae,M,adult,20,27
Smithsonian Conservation Biology Institute,PELE,Cricetidae,M,juvenile,19,10
Smithsonian Conservation Biology Institute,PELE,Cricetidae,M,adult,20,23
Smithsonian Conservation Biology Institute,PELE,Cricetidae,M,adult,20,NA
Smithsonian Conservation Biology Institute,PELE,Cricetidae,F,adult,19.5,20.5
Smithsonian Conservation Biology Institute,PELE,Cricetidae,M,adult,21,29
Smithsonian Conservation Biology Institute,PELE,Cricetidae,F,adult,21,26
Smithsonian Conservation Biology Institute,PELE,Cricetidae,M,adult,21,26
Smithsonian Conservation Biology Institute,PELE,Cricetidae,F,adult,22,34
Smithsonian Conservation Biology Institute,PELE,Cricetidae,F,adult,21,29
Smithsonian Conservation Biology Institute,PELE,Cricetidae,F,adult,19,22
Smithsonian Conservation Biology Institute,PELE,Cricetidae,F,adult,20,22.5
Smithsonian Conservation Biology Institute,PELE,Cricetidae,F,adult,20,19.5
Smithsonian Conservation Biology Institute,PELE,Cricetidae,M,adult,20.5,24.5
Smithsonian Conservation Biology Institute,PELE,Cricetidae,F,adult,20,27
Smithsonian Conservation Biology Institute,PELE,Cricetidae,M,adult,19,21
Smithsonian Conservation Biology Institute,PELE,Cricetidae,M,adult,20.5,25
Smithsonian Conservation Biology Institute,PELE,Cricetidae,M,adult,20,21
Smithsonian Conservation Biology Institute,PELE,Cricetidae,F,adult,19,22
Smithsonian Conservation Biology Institute,PELE,Cricetidae,M,adult,21,22
Smithsonian Conservation Biology Institute,PELE,Cricetidae,M,juvenile,19,9
Smithsonian Conservation Biology Institute,PELE,Cricetidae,M,adult,20,21
Smithsonian Conservation Biology Institute,PELE,Cricetidae,M,subadult,19,15
Smithsonian Conservation Biology Institute,PELE,Cricetidae,F,NA,19,23
Smithsonian Conservation Biology Institute,PELE,Cricetidae,M,adult,20,23
Smithsonian Conservation Biology Institute,PELE,Cricetidae,F,subadult,20,17
Smithsonian Conservation Biology Institute,PELE,Cricetidae,F,adult,20,24
Smithsonian Conservation Biology Institute,PELE,Cricetidae,M,subadult,21,16
Smithsonian Conservation Biology Institute,PELE,Cricetidae,M,adult,20,19.5
Smithsonian Conservation Biology Institute,PELE,Cricetidae,M,subadult,20,15
Smithsonian Conservation Biology Institute,PELE,Cricetidae,M,adult,20,22
Smithsonian Conservation Biology Institute,PELE,Cricetidae,M,adult,19,20.5
Smithsonian Conservation Biology Institute,PELE,Cricetidae,M,subadult,18,12
Smithsonian Conservation Biology Institute,PELE,Cricetidae,F,NA,19,13
Smithsonian Conservation Biology Institute,PELE,Cricetidae,F,adult,20,15.5
Smithsonian Conservation Biology Institute,PELE,Cricetidae,M,adult,19.5,19.5
Smithsonian Conservation Biology Institute,PELE,Cricetidae,F,adult,19,16
Smithsonian Conservation Biology Institute,PELE,Cricetidae,M,subadult,19,13
Smithsonian Conservation Biology Institute,PELE,Cricetidae,F,adult,19.5,21
Smithsonian Conservation Biology Institute,PELE,Cricetidae,M,adult,21,19
Smithsonian Conservation Biology Institute,PELE,Cricetidae,M,adult,20,19
Smithsonian Conservation Biology Institute,PELE,Cricetidae,M,adult,20,21
Smithsonian Conservation Biology Institute,PELE,Cricetidae,M,adult,20,20
Smithsonian Conservation Biology Institute,PELE,Cricetidae,M,juvenile,20,14
Smithsonian Conservation Biology Institute,PELE,Cricetidae,M,adult,21,23
Smithsonian Conservation Biology Institute,PELE,Cricetidae,M,adult,22,22
Smithsonian Conservation Biology Institute,PELE,Cricetidae,M,adult,20,21
Smithsonian Conservation Biology Institute,PELE,Cricetidae,F,adult,19,19
Smithsonian Conservation Biology Institute,PELE,Cricetidae,F,adult,19,22
Smithsonian Conservation Biology Institute,PELE,Cricetidae,M,adult,20,23
Smithsonian Conservation Biology Institute,PELE,Cricetidae,F,adult,21,19
Smithsonian Conservation Biology Institute,PELE,Cricetidae,F,adult,20,26
Smithsonian Conservation Biology Institute,PELE,Cricetidae,F,subadult,21,18
Smithsonian Conservation Biology Institute,MIPI,Cricetidae,F,adult,16,25
Smithsonian Conservation Biology Institute,MIPI,Cricetidae,F,adult,17,27
Smithsonian Conservation Biology Institute,MIPI,Cricetidae,M,adult,16,24
Smithsonian Conservation Biology Institute,MIPI,Cricetidae,F,adult,18,25
Smithsonian Conservation Biology Institute,MUMU,Muridae,M,subadult,17,11
Smithsonian Conservation Biology Institute,PELE,Cricetidae,M,adult,20,27
Smithsonian Conservation Biology Institute,PELE,Cricetidae,M,adult,NA,NA
Smithsonian Conservation Biology Institute,PELE,Cricetidae,F,adult,20,19
Smithsonian Conservation Biology Institute,PELE,Cricetidae,M,adult,21,26
Smithsonian Conservation Biology Institute,PELE,Cricetidae,M,adult,19.5,23
Smithsonian Conservation Biology Institute,PELE,Cricetidae,M,adult,20,22
Smithsonian Conservation Biology Institute,PELE,Cricetidae,M,adult,20,23.5
Smithsonian Conservation Biology Institute,PELE,Cricetidae,M,adult,21,21
Smithsonian Conservation Biology Institute,PELE,Cricetidae,F,adult,21,18
Smithsonian Conservation Biology Institute,PELE,Cricetidae,M,adult,19,20
Smithsonian Conservation Biology Institute,PELE,Cricetidae,M,adult,19.5,21.5
Smithsonian Conservation Biology Institute,PELE,Cricetidae,F,adult,20,22
Smithsonian Conservation Biology Institute,PELE,Cricetidae,M,adult,21,23
Smithsonian Conservation Biology Institute,PELE,Cricetidae,F,subadult,18.5,18
Smithsonian Conservation Biology Institute,PELE,Cricetidae,F,adult,21,29
Smithsonian Conservation Biology Institute,PELE,Cricetidae,M,adult,21.5,24.5
Smithsonian Conservation Biology Institute,PELE,Cricetidae,M,adult,20,23.5
Smithsonian Conservation Biology Institute,PELE,Cricetidae,M,adult,20,21
Smithsonian Conservation Biology Institute,PELE,Cricetidae,M,adult,22,22
Smithsonian Conservation Biology Institute,PELE,Cricetidae,F,adult,20,19
Smithsonian Conservation Biology Institute,PELE,Cricetidae,M,adult,21,20
Smithsonian Conservation Biology Institute,PELE,Cricetidae,M,adult,20,24
Smithsonian Conservation Biology Institute,PELE,Cricetidae,M,adult,20,32
Smithsonian Conservation Biology Institute,PELE,Cricetidae,M,adult,20,23
Smithsonian Conservation Biology Institute,PELE,Cricetidae,F,subadult,18.5,15.5
Smithsonian Conservation Biology Institute,PELE,Cricetidae,M,adult,21,26
Smithsonian Conservation Biology Institute,PELE,Cricetidae,F,adult,20,28
Smithsonian Conservation Biology Institute,PELE,Cricetidae,M,adult,20,25
Smithsonian Conservation Biology Institute,PELE,Cricetidae,M,adult,19,22
Smithsonian Conservation Biology Institute,PELE,Cricetidae,F,adult,19.5,21.5
Smithsonian Conservation Biology Institute,PELE,Cricetidae,M,subadult,21,14
Smithsonian Conservation Biology Institute,PELE,Cricetidae,F,subadult,21,17
Smithsonian Conservation Biology Institute,PELE,Cricetidae,M,adult,19,26
Smithsonian Conservation Biology Institute,PELE,Cricetidae,M,adult,20,27.5
Smithsonian Conservation Biology Institute,PELE,Cricetidae,F,adult,20,22
Smithsonian Conservation Biology Institute,PELE,Cricetidae,M,subadult,20,15
Smithsonian Conservation Biology Institute,PELE,Cricetidae,F,adult,20.5,20
Smithsonian Conservation Biology Institute,PELE,Cricetidae,M,adult,19,25
Smithsonian Conservation Biology Institute,PELE,Cricetidae,M,adult,21,17
Smithsonian Conservation Biology Institute,PELE,Cricetidae,F,subadult,20,17
Smithsonian Conservation Biology Institute,PELE,Cricetidae,M,adult,20.5,16
Smithsonian Conservation Biology Institute,PELE,Cricetidae,M,adult,19,16.5
Smithsonian Conservation Biology Institute,PELE,Cricetidae,F,adult,20,18
Smithsonian Conservation Biology Institute,PELE,Cricetidae,F,adult,14,22
Smithsonian Conservation Biology Institute,PELE,Cricetidae,M,adult,20,26
Smithsonian Conservation Biology Institute,PELE,Cricetidae,M,subadult,19,16.5
Smithsonian Conservation Biology Institute,PELE,Cricetidae,M,adult,20,20
Smithsonian Conservation Biology Institute,PELE,Cricetidae,M,adult,19.5,19
Smithsonian Conservation Biology Institute,PELE,Cricetidae,M,adult,20,22.5
Smithsonian Conservation Biology Institute,PELE,Cricetidae,M,adult,19,20
Smithsonian Conservation Biology Institute,PELE,Cricetidae,F,adult,20,18
Smithsonian Conservation Biology Institute,PELE,Cricetidae,F,adult,20.5,14.5
Smithsonian Conservation Biology Institute,PELE,Cricetidae,M,adult,20,16
Smithsonian Conservation Biology Institute,PELE,Cricetidae,F,adult,NA,28
Smithsonian Conservation Biology Institute,PELE,Cricetidae,M,juvenile,NA,13
Smithsonian Conservation Biology Institute,PELE,Cricetidae,M,subadult,NA,16
Smithsonian Conservation Biology Institute,PELE,Cricetidae,F,subadult,NA,15
Smithsonian Conservation Biology Institute,PELE,Cricetidae,F,subadult,NA,18
Smithsonian Conservation Biology Institute,PELE,Cricetidae,F,subadult,20,15
Smithsonian Conservation Biology Institute,PELE,Cricetidae,F,adult,19,18
Smithsonian Conservation Biology Institute,PELE,Cricetidae,M,subadult,20,15
Smithsonian Conservation Biology Institute,PELE,Cricetidae,M,adult,20,24
Smithsonian Conservation Biology Institute,PELE,Cricetidae,M,adult,21,23
Smithsonian Conservation Biology Institute,PELE,Cricetidae,F,adult,20,19
Smithsonian Conservation Biology Institute,PELE,Cricetidae,F,adult,20,23
Smithsonian Conservation Biology Institute,PELE,Cricetidae,M,adult,19.5,19.5
Smithsonian Conservation Biology Institute,PELE,Cricetidae,F,adult,20,23
Smithsonian Conservation Biology Institute,PELE,Cricetidae,M,adult,20.5,25.5
Smithsonian Conservation Biology Institute,PELE,Cricetidae,F,subadult,20,16
Smithsonian Conservation Biology Institute,PELE,Cricetidae,M,adult,19.5,17.5
Smithsonian Conservation Biology Institute,PELE,Cricetidae,M,subadult,20,17
Smithsonian Conservation Biology Institute,PELE,Cricetidae,M,adult,20,23
Smithsonian Conservation Biology Institute,PELE,Cricetidae,M,adult,20,21
Smithsonian Conservation Biology Institute,PELE,Cricetidae,M,adult,19.5,22
Smithsonian Conservation Biology Institute,PELE,Cricetidae,M,adult,20,23
Smithsonian Conservation Biology Institute,PELE,Cricetidae,F,adult,20,20
Smithsonian Conservation Biology Institute,PELE,Cricetidae,M,subadult,20,18
Smithsonian Conservation Biology Institute,PELE,Cricetidae,M,adult,20,22
Smithsonian Conservation Biology Institute,PELE,Cricetidae,F,adult,20.5,17.5
Smithsonian Conservation Biology Institute,PELE,Cricetidae,M,adult,21,20
Smithsonian Conservation Biology Institute,PELE,Cricetidae,M,subadult,18,11
Smithsonian Conservation Biology Institute,PELE,Cricetidae,M,subadult,20,11
Smithsonian Conservation Biology Institute,PELE,Cricetidae,M,adult,21,25
Smithsonian Conservation Biology Institute,PELE,Cricetidae,M,juvenile,20,12
Smithsonian Conservation Biology Institute,PELE,Cricetidae,M,adult,20,22
Smithsonian Conservation Biology Institute,PELE,Cricetidae,M,adult,21,21
Smithsonian Conservation Biology Institute,PELE,Cricetidae,M,adult,20,21
Smithsonian Conservation Biology Institute,PELE,Cricetidae,M,subadult,20,15
Smithsonian Conservation Biology Institute,PELE,Cricetidae,F,adult,20,24
Smithsonian Conservation Biology Institute,RARA,Muridae,M,adult,35,180
Smithsonian Conservation Biology Institute,ZAHU,Dipodidae,F,subadult,28,14
Smithsonian Conservation Biology Institute,MIPE,Cricetidae,M,adult,20,55.5
Smithsonian Conservation Biology Institute,MIPE,Cricetidae,M,adult,20,56
Smithsonian Conservation Biology Institute,MIPE,Cricetidae,M,adult,19.5,35.5
Smithsonian Conservation Biology Institute,MIPE,Cricetidae,M,adult,19.5,52
Smithsonian Conservation Biology Institute,MIPE,Cricetidae,M,subadult,19,28
Smithsonian Conservation Biology Institute,MIPE,Cricetidae,M,subadult,20,33
Smithsonian Conservation Biology Institute,MIPE,Cricetidae,F,adult,18,29
Smithsonian Conservation Biology Institute,MIPE,Cricetidae,F,subadult,20,28
Smithsonian Conservation Biology Institute,MIPE,Cricetidae,M,adult,19,42
Smithsonian Conservation Biology Institute,MIPE,Cricetidae,M,subadult,19,29
Smithsonian Conservation Biology Institute,MIPE,Cricetidae,M,adult,20,44
Smithsonian Conservation Biology Institute,MIPE,Cricetidae,F,adult,19,32
Smithsonian Conservation Biology Institute,MIPE,Cricetidae,F,subadult,20,34
Smithsonian Conservation Biology Institute,MIPE,Cricetidae,F,subadult,18,25.5
Smithsonian Conservation Biology Institute,MIPE,Cricetidae,M,adult,20.5,53
Smithsonian Conservation Biology Institute,MIPE,Cricetidae,M,adult,20,50.5
Smithsonian Conservation Biology Institute,MIPE,Cricetidae,M,adult,19.5,51.5
Smithsonian Conservation Biology Institute,MIPE,Cricetidae,M,adult,NA,53
Smithsonian Conservation Biology Institute,MIPE,Cricetidae,M,adult,NA,53
Smithsonian Conservation Biology Institute,MIPE,Cricetidae,F,adult,20,44
Smithsonian Conservation Biology Institute,MIPE,Cricetidae,M,adult,21,54
Smithsonian Conservation Biology Institute,MIPE,Cricetidae,M,adult,20,51
Smithsonian Conservation Biology Institute,MIPE,Cricetidae,M,adult,20,51
Smithsonian Conservation Biology Institute,MIPE,Cricetidae,M,adult,20,48
Smithsonian Conservation Biology Institute,MIPE,Cricetidae,M,adult,19,28
Smithsonian Conservation Biology Institute,MIPE,Cricetidae,F,adult,21,50
Smithsonian Conservation Biology Institute,MIPE,Cricetidae,M,adult,20,55
Smithsonian Conservation Biology Institute,MIPE,Cricetidae,F,subadult,19,23
Smithsonian Conservation Biology Institute,MIPE,Cricetidae,M,juvenile,18,11
Smithsonian Conservation Biology Institute,MIPE,Cricetidae,M,juvenile,19,14
Smithsonian Conservation Biology Institute,MIPE,Cricetidae,F,adult,NA,51
Smithsonian Conservation Biology Institute,MIPE,Cricetidae,M,adult,19,54
Smithsonian Conservation Biology Institute,MIPE,Cricetidae,M,adult,NA,52
Smithsonian Conservation Biology Institute,MIPE,Cricetidae,F,subadult,21,25
Smithsonian Conservation Biology Institute,MIPE,Cricetidae,F,adult,NA,26
Smithsonian Conservation Biology Institute,MIPE,Cricetidae,M,juvenile,20,13
Smithsonian Conservation Biology Institute,MIPE,Cricetidae,F,subadult,20,25
Smithsonian Conservation Biology Institute,MIPE,Cricetidae,F,subadult,19,18
Smithsonian Conservation Biology Institute,MIPE,Cricetidae,M,adult,NA,51
Smithsonian Conservation Biology Institute,MIPE,Cricetidae,F,juvenile,NA,15
Smithsonian Conservation Biology Institute,MIPE,Cricetidae,M,adult,NA,48
Smithsonian Conservation Biology Institute,MIPE,Cricetidae,F,adult,21,49
Smithsonian Conservation Biology Institute,MIPE,Cricetidae,M,adult,18,48
Smithsonian Conservation Biology Institute,MIPE,Cricetidae,M,adult,19,34.5
Smithsonian Conservation Biology Institute,MIPE,Cricetidae,M,adult,19,51
Smithsonian Conservation Biology Institute,MIPE,Cricetidae,M,adult,19,30
Smithsonian Conservation Biology Institute,MIPE,Cricetidae,M,adult,20,47
Smithsonian Conservation Biology Institute,MIPE,Cricetidae,F,adult,19,45
Smithsonian Conservation Biology Institute,MIPE,Cricetidae,M,adult,18,34
Smithsonian Conservation Biology Institute,MIPE,Cricetidae,M,adult,19,46
Smithsonian Conservation Biology Institute,MIPE,Cricetidae,M,subadult,19,30
Smithsonian Conservation Biology Institute,MIPE,Cricetidae,F,adult,21,40
Smithsonian Conservation Biology Institute,MIPE,Cricetidae,F,adult,22,45
Smithsonian Conservation Biology Institute,MUMU,Muridae,F,adult,18,21
Smithsonian Conservation Biology Institute,MUMU,Muridae,M,adult,20,30
Smithsonian Conservation Biology Institute,MUMU,Muridae,F,adult,18,23
Smithsonian Conservation Biology Institute,MUMU,Muridae,M,adult,18,15
Smithsonian Conservation Biology Institute,MUMU,Muridae,F,adult,18,21
Smithsonian Conservation Biology Institute,MUMU,Muridae,F,adult,19,21
Smithsonian Conservation Biology Institute,MUMU,Muridae,F,adult,18,24
Smithsonian Conservation Biology Institute,MUMU,Muridae,F,adult,19,25
Smithsonian Conservation Biology Institute,MUMU,Muridae,M,adult,19,20
Smithsonian Conservation Biology Institute,MUMU,Muridae,M,adult,19,26
Smithsonian Conservation Biology Institute,MUMU,Muridae,NA,juvenile,NA,NA
Smithsonian Conservation Biology Institute,MUMU,Muridae,F,adult,18,20
Smithsonian Conservation Biology Institute,MUMU,Muridae,M,adult,19,21
Smithsonian Conservation Biology Institute,MUMU,Muridae,M,adult,18,22.5
Smithsonian Conservation Biology Institute,MUMU,Muridae,M,adult,17,19
Smithsonian Conservation Biology Institute,MUMU,Muridae,F,adult,18,20
Smithsonian Conservation Biology Institute,MUMU,Muridae,F,subadult,18,14
Smithsonian Conservation Biology Institute,MUMU,Muridae,F,adult,18,15.5
Smithsonian Conservation Biology Institute,MUMU,Muridae,M,adult,19,15
Smithsonian Conservation Biology Institute,MUMU,Muridae,F,adult,18,27
Smithsonian Conservation Biology Institute,MUMU,Muridae,M,juvenile,17,8
Smithsonian Conservation Biology Institute,MUMU,Muridae,F,adult,20,24
Smithsonian Conservation Biology Institute,MUMU,Muridae,M,adult,18,21
Smithsonian Conservation Biology Institute,MUMU,Muridae,F,adult,17,18
Smithsonian Conservation Biology Institute,MUMU,Muridae,M,adult,17.5,20.5
Smithsonian Conservation Biology Institute,MUMU,Muridae,M,adult,18,12
Smithsonian Conservation Biology Institute,MUMU,Muridae,F,subadult,16,10
Smithsonian Conservation Biology Institute,MUMU,Muridae,F,subadult,16,10
Smithsonian Conservation Biology Institute,MUMU,Muridae,M,adult,17,26
Smithsonian Conservation Biology Institute,MUMU,Muridae,F,juvenile,17,9
Smithsonian Conservation Biology Institute,MUMU,Muridae,M,juvenile,17,8
Smithsonian Conservation Biology Institute,MUMU,Muridae,F,subadult,18.5,16.5
Smithsonian Conservation Biology Institute,MUMU,Muridae,M,juvenile,17,9
Smithsonian Conservation Biology Institute,MUMU,Muridae,F,juvenile,18,7
Smithsonian Conservation Biology Institute,MUMU,Muridae,F,adult,18,22
Smithsonian Conservation Biology Institute,MUMU,Muridae,M,adult,19,18
Smithsonian Conservation Biology Institute,MUMU,Muridae,M,juvenile,17,8
Smithsonian Conservation Biology Institute,MUMU,Muridae,M,juvenile,18,7
Smithsonian Conservation Biology Institute,MUMU,Muridae,F,adult,19,19
Smithsonian Conservation Biology Institute,MUMU,Muridae,F,adult,19,24
Smithsonian Conservation Biology Institute,MUMU,Muridae,F,adult,18,15
Smithsonian Conservation Biology Institute,MUMU,Muridae,M,juvenile,18,7
Smithsonian Conservation Biology Institute,MUMU,Muridae,M,adult,18,13
Smithsonian Conservation Biology Institute,MUMU,Muridae,F,adult,18,26
Smithsonian Conservation Biology Institute,MUMU,Muridae,M,subadult,18,13
Smithsonian Conservation Biology Institute,MUMU,Muridae,M,subadult,18,13
Smithsonian Conservation Biology Institute,MUMU,Muridae,F,juvenile,18,8
Smithsonian Conservation Biology Institute,MUMU,Muridae,M,juvenile,17,7
Smithsonian Conservation Biology Institute,MUMU,Muridae,M,juvenile,18,8
Smithsonian Conservation Biology Institute,PELE,Cricetidae,M,adult,19,20
Smithsonian Conservation Biology Institute,PELE,Cricetidae,M,adult,20,20
Smithsonian Conservation Biology Institute,PELE,Cricetidae,M,adult,20,23
Smithsonian Conservation Biology Institute,PELE,Cricetidae,M,adult,NA,NA
Smithsonian Conservation Biology Institute,PELE,Cricetidae,M,adult,20,19
Smithsonian Conservation Biology Institute,PELE,Cricetidae,F,subadult,19,14
Smithsonian Conservation Biology Institute,PELE,Cricetidae,M,adult,19.5,18
Smithsonian Conservation Biology Institute,PELE,Cricetidae,F,adult,20,20.5
Smithsonian Conservation Biology Institute,PELE,Cricetidae,M,subadult,19,16
Smithsonian Conservation Biology Institute,PELE,Cricetidae,M,subadult,19.5,15
Smithsonian Conservation Biology Institute,PELE,Cricetidae,F,adult,20,24
Smithsonian Conservation Biology Institute,PELE,Cricetidae,F,subadult,20,15
Smithsonian Conservation Biology Institute,PELE,Cricetidae,F,adult,19,19
Smithsonian Conservation Biology Institute,PELE,Cricetidae,M,adult,19,15.5
Smithsonian Conservation Biology Institute,PELE,Cricetidae,M,adult,20,22
Smithsonian Conservation Biology Institute,PELE,Cricetidae,M,adult,21,18
Smithsonian Conservation Biology Institute,PELE,Cricetidae,F,subadult,19,17
Smithsonian Conservation Biology Institute,PELE,Cricetidae,M,adult,21,20
Smithsonian Conservation Biology Institute,PELE,Cricetidae,M,adult,19.5,22.5
Smithsonian Conservation Biology Institute,PELE,Cricetidae,M,adult,20,23
Smithsonian Conservation Biology Institute,ZAHU,Dipodidae,M,subadult,28,16
Smithsonian Conservation Biology Institute,MIPE,Cricetidae,M,adult,20,50
Smithsonian Conservation Biology Institute,MIPE,Cricetidae,M,subadult,19,32
Smithsonian Conservation Biology Institute,MIPE,Cricetidae,M,subadult,19,29
Smithsonian Conservation Biology Institute,MIPE,Cricetidae,F,subadult,19,28
Smithsonian Conservation Biology Institute,MIPE,Cricetidae,M,adult,20,52
Smithsonian Conservation Biology Institute,MIPE,Cricetidae,M,adult,19,56
Smithsonian Conservation Biology Institute,MIPE,Cricetidae,M,subadult,23,29
Smithsonian Conservation Biology Institute,MIPE,Cricetidae,F,subadult,19,28
Smithsonian Conservation Biology Institute,MIPE,Cricetidae,M,adult,19,53
Smithsonian Conservation Biology Institute,MIPE,Cricetidae,F,adult,19,53
Smithsonian Conservation Biology Institute,MIPE,Cricetidae,F,adult,20,37
Smithsonian Conservation Biology Institute,MUMU,Muridae,F,juvenile,18,20
Smithsonian Conservation Biology Institute,MUMU,Muridae,M,adult,19,19
Smithsonian Conservation Biology Institute,MUMU,Muridae,F,adult,17,26
Smithsonian Conservation Biology Institute,MUMU,Muridae,M,adult,17,26
Smithsonian Conservation Biology Institute,MUMU,Muridae,M,adult,17,23
Smithsonian Conservation Biology Institute,MUMU,Muridae,F,juvenile,16,9
Smithsonian Conservation Biology Institute,MUMU,Muridae,M,adult,18,10
Smithsonian Conservation Biology Institute,MUMU,Muridae,F,adult,18,23
Smithsonian Conservation Biology Institute,MUMU,Muridae,M,adult,16,10
Smithsonian Conservation Biology Institute,MUMU,Muridae,M,adult,18,12
Smithsonian Conservation Biology Institute,MUMU,Muridae,F,adult,18,11
Smithsonian Conservation Biology Institute,MUMU,Muridae,M,adult,18,16
Smithsonian Conservation Biology Institute,PELE,Cricetidae,M,adult,21,29
Smithsonian Conservation Biology Institute,PELE,Cricetidae,M,adult,22,21
Smithsonian Conservation Biology Institute,PELE,Cricetidae,M,adult,21,25
Smithsonian Conservation Biology Institute,PELE,Cricetidae,M,adult,19,21
Smithsonian Conservation Biology Institute,PELE,Cricetidae,F,adult,20,20
Smithsonian Conservation Biology Institute,PELE,Cricetidae,F,adult,20,19
Smithsonian Conservation Biology Institute,PELE,Cricetidae,M,adult,20,20
Smithsonian Conservation Biology Institute,PELE,Cricetidae,M,adult,21,27
Smithsonian Conservation Biology Institute,PELE,Cricetidae,F,adult,20,26
Smithsonian Conservation Biology Institute,PELE,Cricetidae,F,adult,20.5,30.5
Smithsonian Conservation Biology Institute,PELE,Cricetidae,F,juvenile,19,10
Smithsonian Conservation Biology Institute,PELE,Cricetidae,F,juvenile,20,13
Smithsonian Conservation Biology Institute,PELE,Cricetidae,F,adult,21,20
Smithsonian Conservation Biology Institute,PELE,Cricetidae,F,subadult,19,18
Smithsonian Conservation Biology Institute,PELE,Cricetidae,M,subadult,20,15
Smithsonian Conservation Biology Institute,PELE,Cricetidae,F,adult,19,18
Smithsonian Conservation Biology Institute,PELE,Cricetidae,F,adult,19,24
Smithsonian Conservation Biology Institute,PELE,Cricetidae,M,adult,20.5,26
Smithsonian Conservation Biology Institute,PELE,Cricetidae,M,adult,20,20.5
Smithsonian Conservation Biology Institute,PELE,Cricetidae,M,adult,20,21
Smithsonian Conservation Biology Institute,PELE,Cricetidae,F,adult,19,19
Smithsonian Conservation Biology Institute,PELE,Cricetidae,F,adult,20,15
Smithsonian Conservation Biology Institute,PELE,Cricetidae,F,adult,19.5,20.5
Smithsonian Conservation Biology Institute,PELE,Cricetidae,M,adult,20,25
Smithsonian Conservation Biology Institute,PELE,Cricetidae,F,adult,20,22
Smithsonian Conservation Biology Institute,PELE,Cricetidae,F,adult,20,33
Smithsonian Conservation Biology Institute,ZAHU,Dipodidae,M,adult,30,16
Smithsonian Conservation Biology Institute,ZAHU,Dipodidae,F,adult,28,20
Smithsonian Conservation Biology Institute,ZAHU,Dipodidae,M,subadult,28,12
Harvard Forest,MYGA,Cricetidae,NA,adult,NA,NA
Harvard Forest,MYGA,Cricetidae,F,adult,NA,NA
Harvard Forest,MYGA,Cricetidae,U,juvenile,NA,NA
Harvard Forest,MYGA,Cricetidae,U,juvenile,NA,NA
Harvard Forest,PEMA,Cricetidae,NA,NA,NA,NA
Harvard Forest,MYGA,Cricetidae,F,subadult,16,16
Harvard Forest,PELE,Cricetidae,U,adult,NA,NA
Harvard Forest,MYGA,Cricetidae,U,adult,NA,NA
Harvard Forest,MYGA,Cricetidae,M,juvenile,NA,9
Harvard Forest,PELE,Cricetidae,NA,NA,NA,NA
Harvard Forest,PELE,Cricetidae,NA,NA,NA,NA
Harvard Forest,NAIN,Dipodidae,NA,NA,NA,NA
Harvard Forest,PEMA,Cricetidae,NA,subadult,NA,NA
Harvard Forest,PELE,Cricetidae,M,subadult,NA,NA
Konza Prairie Biological Station,PELE,Cricetidae,NA,NA,NA,NA
Konza Prairie Biological Station,PELE,Cricetidae,F,adult,NA,33
Konza Prairie Biological Station,PELE,Cricetidae,NA,adult,NA,NA
Konza Prairie Biological Station,MIOC,Cricetidae,NA,adult,NA,34
Konza Prairie Biological Station,NEFL,Cricetidae,NA,NA,NA,NA
Konza Prairie Biological Station,PELE,Cricetidae,NA,adult,NA,34
Konza Prairie Biological Station,NEFL,Cricetidae,U,NA,NA,175
Konza Prairie Biological Station,NEFL,Cricetidae,U,NA,NA,NA
Konza Prairie Biological Station,PELE,Cricetidae,M,adult,21,NA
Oak Ridge,SIHI,Cricetidae,NA,NA,NA,145
Oak Ridge,SIHI,Cricetidae,F,adult,28,101
Smithsonian Conservation Biology Institute,PELE,Cricetidae,U,adult,NA,NA
Smithsonian Conservation Biology Institute,ZAHU,Dipodidae,U,NA,NA,NA
Smithsonian Conservation Biology Institute,PELE,Cricetidae,M,adult,NA,NA
